"","season","team","Clutch_Shots_Attempted","Clutch_Shots_Made","Clutch_FG_Percentage"
"1",2008,"Fairfield",1,1,100
"2",2008,"Iowa State",2,2,100
"3",2008,"Virginia",3,3,100
"4",2009,"Louisville",1,1,100
"5",2012,"Austin Peay",1,1,100
"6",2013,"Cincinnati",1,1,100
"7",2013,"Kansas State",1,1,100
"8",2013,"Minnesota",2,2,100
"9",2013,"Notre Dame",1,1,100
"10",2014,"BYU",1,1,100
"11",2014,"Fairfield",1,1,100
"12",2014,"Hampton",1,1,100
"13",2010,"LSU",6,4,66.7
"14",2011,"Louisiana Tech",3,2,66.7
"15",2008,"Saint Louis",2,1,50
"16",2008,"Utah",2,1,50
"17",2009,"Charleston",2,1,50
"18",2009,"Milwaukee",2,1,50
"19",2009,"Rutgers",4,2,50
"20",2009,"Western Carolina",2,1,50
"21",2012,"Arkansas",2,1,50
"22",2012,"Kansas",2,1,50
"23",2013,"Duquesne",2,1,50
"24",2013,"Villanova",4,2,50
"25",2014,"Auburn",2,1,50
"26",2014,"Sacred Heart",2,1,50
"27",2010,"Ole Miss",5,2,40
"28",2013,"Syracuse",5,2,40
"29",2012,"Nebraska",14,5,35.7
"30",2009,"Iowa",3,1,33.3
"31",2011,"Virginia",6,2,33.3
"32",2013,"Arizona State",3,1,33.3
"33",2013,"Oregon",3,1,33.3
"34",2013,"Portland State",3,1,33.3
"35",2013,"Virginia",3,1,33.3
"36",2014,"Kentucky",3,1,33.3
"37",2014,"Wyoming",7,2,28.6
"38",2008,"Duquesne",4,1,25
"39",2011,"NC State",4,1,25
"40",2012,"Purdue",8,2,25
"41",2013,"George Washington",4,1,25
"42",2014,"Baylor",4,1,25
"43",2010,"Kansas",5,1,20
"44",2007,"Kentucky",1,0,0
"45",2007,"Mississippi State",1,0,0
"46",2008,"Colorado",3,0,0
"47",2008,"Fordham",3,0,0
"48",2008,"Georgia Tech",3,0,0
"49",2008,"Maryland",1,0,0
"50",2008,"Oral Roberts",1,0,0
"51",2008,"Stanford",2,0,0
"52",2008,"Tulsa",4,0,0
"53",2008,"UAB",3,0,0
"54",2009,"Georgetown",1,0,0
"55",2009,"Penn State",1,0,0
"56",2009,"Wisconsin",3,0,0
"57",2010,"Clemson",1,0,0
"58",2010,"Georgetown",2,0,0
"59",2010,"North Carolina",1,0,0
"60",2010,"South Carolina",1,0,0
"61",2010,"Virginia",2,0,0
"62",2011,"Fresno State",3,0,0
"63",2011,"New Mexico",2,0,0
"64",2011,"Oklahoma State",2,0,0
"65",2012,"Florida",2,0,0
"66",2012,"Iowa State",1,0,0
"67",2012,"Morehead State",1,0,0
"68",2012,"Northern Arizona",1,0,0
"69",2012,"Virginia",4,0,0
"70",2013,"Alabama",2,0,0
"71",2013,"Arizona",3,0,0
"72",2013,"Boston College",1,0,0
"73",2013,"Dayton",1,0,0
"74",2013,"Ohio State",2,0,0
"75",2013,"Pittsburgh",6,0,0
"76",2013,"Providence",2,0,0
"77",2013,"St. John's",2,0,0
"78",2013,"Wake Forest",1,0,0
"79",2013,"Washington State",2,0,0
"80",2013,"Western Illinois",1,0,0
"81",2014,"Alabama",2,0,0
"82",2014,"Bryant",1,0,0
"83",2014,"Colorado State",3,0,0
"84",2014,"Creighton",1,0,0
"85",2014,"Kansas State",1,0,0
"86",2014,"Mississippi State",1,0,0
"87",2014,"St. John's",1,0,0
"88",2015,"Florida Gulf Coast",1,1,100
"89",2015,"LSU",1,1,100
"90",2015,"Texas",2,2,100
"91",2016,"Abilene Christian",2,2,100
"92",2016,"American University",1,1,100
"93",2016,"Appalachian State",1,1,100
"94",2016,"Coastal Carolina",1,1,100
"95",2016,"Delaware State",1,1,100
"96",2016,"East Tennessee State",1,1,100
"97",2016,"Florida Gulf Coast",1,1,100
"98",2016,"Houston",1,1,100
"99",2016,"IUPUI",1,1,100
"100",2016,"Jacksonville",2,2,100
"101",2016,"Louisiana",1,1,100
"102",2016,"Loyola Maryland",1,1,100
"103",2016,"Monmouth",1,1,100
"104",2016,"Old Dominion",1,1,100
"105",2016,"Oral Roberts",2,2,100
"106",2016,"Pennsylvania",1,1,100
"107",2016,"Purdue Fort Wayne",1,1,100
"108",2016,"Rider",3,3,100
"109",2016,"South Carolina Upstate",1,1,100
"110",2016,"Stephen F. Austin",1,1,100
"111",2016,"Troy",1,1,100
"112",2016,"UMass",1,1,100
"113",2016,"Vermont",2,2,100
"114",2016,"Xavier",1,1,100
"115",2017,"Alcorn State",1,1,100
"116",2017,"Army",1,1,100
"117",2017,"Campbell",1,1,100
"118",2017,"East Carolina",1,1,100
"119",2017,"Fordham",1,1,100
"120",2017,"George Mason",1,1,100
"121",2017,"Jacksonville",1,1,100
"122",2017,"Montana State",3,3,100
"123",2017,"Pittsburgh",2,2,100
"124",2017,"Quinnipiac",1,1,100
"125",2017,"Saint Louis",1,1,100
"126",2017,"South Alabama",1,1,100
"127",2017,"Toledo",2,2,100
"128",2017,"Xavier",1,1,100
"129",2018,"Denver",1,1,100
"130",2018,"Elon",1,1,100
"131",2018,"Florida Atlantic",1,1,100
"132",2018,"Green Bay",2,2,100
"133",2018,"High Point",1,1,100
"134",2018,"Houston",2,2,100
"135",2018,"Kent State",2,2,100
"136",2018,"LIU Brooklyn",1,1,100
"137",2018,"Lafayette",2,2,100
"138",2018,"Lipscomb",1,1,100
"139",2018,"Monmouth",1,1,100
"140",2018,"Oregon",3,3,100
"141",2018,"Saint Joseph's",2,2,100
"142",2018,"San Diego",1,1,100
"143",2018,"South Dakota",5,5,100
"144",2018,"Stony Brook",1,1,100
"145",2018,"Tulsa",1,1,100
"146",2018,"UC Santa Barbara",1,1,100
"147",2019,"Air Force",1,1,100
"148",2019,"Albany",1,1,100
"149",2019,"Arkansas State",1,1,100
"150",2019,"Buffalo",1,1,100
"151",2019,"Charlotte",2,2,100
"152",2019,"Coastal Carolina",1,1,100
"153",2019,"Colorado State",2,2,100
"154",2019,"Hawai'i",1,1,100
"155",2019,"Louisiana",1,1,100
"156",2019,"Maryland",2,2,100
"157",2019,"Montana",1,1,100
"158",2019,"Norfolk State",1,1,100
"159",2019,"Old Dominion",2,2,100
"160",2019,"Oral Roberts",1,1,100
"161",2019,"Portland State",2,2,100
"162",2019,"San Francisco",1,1,100
"163",2019,"San José State",1,1,100
"164",2019,"Southeast Missouri State",1,1,100
"165",2019,"Southern",1,1,100
"166",2019,"Texas State",2,2,100
"167",2019,"Towson",2,2,100
"168",2019,"Utah Valley",2,2,100
"169",2019,"Western Illinois",1,1,100
"170",2019,"Western Kentucky",1,1,100
"171",2020,"Central Baptist College",1,1,100
"172",2020,"LSU Shreveport",1,1,100
"173",2020,"Mount Olive",2,2,100
"174",2020,"St. Martins",1,1,100
"175",2020,"Providence",7,6,85.7
"176",2018,"Belmont",6,5,83.3
"177",2017,"Ball State",4,3,75
"178",2017,"Butler",4,3,75
"179",2017,"Hawai'i",4,3,75
"180",2017,"Idaho State",4,3,75
"181",2018,"Fordham",8,6,75
"182",2019,"Mississippi State",4,3,75
"183",2019,"South Alabama",8,6,75
"184",2017,"Utah State",7,5,71.4
"185",2016,"Delaware",3,2,66.7
"186",2016,"Florida State",3,2,66.7
"187",2016,"Idaho",3,2,66.7
"188",2016,"Idaho State",3,2,66.7
"189",2016,"Marquette",6,4,66.7
"190",2016,"Radford",3,2,66.7
"191",2016,"SMU",3,2,66.7
"192",2016,"San Francisco",6,4,66.7
"193",2016,"Texas",3,2,66.7
"194",2016,"Texas Southern",3,2,66.7
"195",2016,"UNLV",3,2,66.7
"196",2016,"Weber State",3,2,66.7
"197",2017,"American University",3,2,66.7
"198",2017,"Buffalo",3,2,66.7
"199",2017,"Marist",3,2,66.7
"200",2017,"Mercer",6,4,66.7
"201",2017,"Milwaukee",3,2,66.7
"202",2017,"New Hampshire",3,2,66.7
"203",2017,"Old Dominion",3,2,66.7
"204",2017,"Southern Illinois",3,2,66.7
"205",2017,"Western Kentucky",3,2,66.7
"206",2018,"Idaho",3,2,66.7
"207",2018,"Mercer",3,2,66.7
"208",2018,"Portland State",3,2,66.7
"209",2019,"BYU",3,2,66.7
"210",2019,"Middle Tennessee",3,2,66.7
"211",2019,"Sacramento State",3,2,66.7
"212",2020,"Clemson",9,6,66.7
"213",2020,"Presbyterian",6,4,66.7
"214",2020,"Tulsa",15,10,66.7
"215",2018,"TCU",11,7,63.6
"216",2018,"Northwestern",8,5,62.5
"217",2020,"Arkansas State",8,5,62.5
"218",2020,"Jackson State",8,5,62.5
"219",2020,"Cal State Northridge",13,8,61.5
"220",2016,"Belmont",5,3,60
"221",2016,"Campbell",5,3,60
"222",2016,"Central Michigan",5,3,60
"223",2016,"James Madison",5,3,60
"224",2017,"Mississippi State",10,6,60
"225",2017,"Morehead State",5,3,60
"226",2017,"North Carolina",10,6,60
"227",2017,"Southern Miss",5,3,60
"228",2017,"Texas Tech",5,3,60
"229",2018,"Eastern Michigan",5,3,60
"230",2018,"Miami",10,6,60
"231",2018,"Stanford",5,3,60
"232",2019,"Missouri State",10,6,60
"233",2020,"Brown",10,6,60
"234",2018,"Texas A&M",22,13,59.1
"235",2019,"West Virginia",12,7,58.3
"236",2016,"Green Bay",7,4,57.1
"237",2016,"Minnesota",28,16,57.1
"238",2016,"Saint Mary's",7,4,57.1
"239",2017,"Weber State",7,4,57.1
"240",2018,"Drake",7,4,57.1
"241",2020,"Morehead State",14,8,57.1
"242",2020,"South Dakota",7,4,57.1
"243",2017,"Missouri",16,9,56.2
"244",2017,"Rutgers",16,9,56.2
"245",2020,"Houston Christian",16,9,56.2
"246",2020,"Middle Tennessee",16,9,56.2
"247",2016,"Akron",9,5,55.6
"248",2017,"James Madison",9,5,55.6
"249",2017,"Memphis",9,5,55.6
"250",2018,"Alabama",27,15,55.6
"251",2016,"Nebraska",11,6,54.5
"252",2020,"Canisius",11,6,54.5
"253",2019,"Arkansas",24,13,54.2
"254",2019,"Pepperdine",13,7,53.8
"255",2017,"Penn State",15,8,53.3
"256",2017,"Virginia Tech",15,8,53.3
"257",2020,"Michigan State",15,8,53.3
"258",2020,"Appalachian State",17,9,52.9
"259",2020,"Rider",17,9,52.9
"260",2020,"Utah",19,10,52.6
"261",2016,"Austin Peay",2,1,50
"262",2016,"Cal State Bakersfield",2,1,50
"263",2016,"Kansas City",2,1,50
"264",2016,"Long Beach State",2,1,50
"265",2016,"Maryland",4,2,50
"266",2016,"New Hampshire",6,3,50
"267",2016,"New Mexico State",2,1,50
"268",2016,"Niagara",2,1,50
"269",2016,"Northern Kentucky",4,2,50
"270",2016,"Northwestern State",2,1,50
"271",2016,"Quinnipiac",2,1,50
"272",2016,"Seton Hall",4,2,50
"273",2016,"Southern Illinois",6,3,50
"274",2016,"St. John's",4,2,50
"275",2016,"Toledo",4,2,50
"276",2016,"UC Santa Barbara",2,1,50
"277",2016,"Valparaiso",2,1,50
"278",2016,"Wisconsin",18,9,50
"279",2017,"Abilene Christian",2,1,50
"280",2017,"Baylor",4,2,50
"281",2017,"Belmont",6,3,50
"282",2017,"Boise State",10,5,50
"283",2017,"Brown",6,3,50
"284",2017,"DePaul",6,3,50
"285",2017,"Eastern Kentucky",2,1,50
"286",2017,"Evansville",2,1,50
"287",2017,"Georgetown",2,1,50
"288",2017,"Hartford",2,1,50
"289",2017,"Holy Cross",2,1,50
"290",2017,"Houston",2,1,50
"291",2017,"Lamar",4,2,50
"292",2017,"Little Rock",2,1,50
"293",2017,"Louisiana",4,2,50
"294",2017,"Louisiana Tech",10,5,50
"295",2017,"Minnesota",10,5,50
"296",2017,"NJIT",2,1,50
"297",2017,"New Mexico",2,1,50
"298",2017,"Niagara",4,2,50
"299",2017,"Sacred Heart",2,1,50
"300",2017,"South Carolina",2,1,50
"301",2017,"South Dakota State",8,4,50
"302",2017,"St. Francis (PA)",2,1,50
"303",2017,"TCU",10,5,50
"304",2017,"UT Martin",2,1,50
"305",2017,"Utah Valley",4,2,50
"306",2017,"VCU",4,2,50
"307",2017,"Western Michigan",6,3,50
"308",2017,"Wyoming",6,3,50
"309",2018,"American University",2,1,50
"310",2018,"Arkansas State",2,1,50
"311",2018,"Army",6,3,50
"312",2018,"BYU",2,1,50
"313",2018,"Boston College",10,5,50
"314",2018,"Central Arkansas",2,1,50
"315",2018,"Colorado",14,7,50
"316",2018,"Colorado State",4,2,50
"317",2018,"Dayton",4,2,50
"318",2018,"George Mason",6,3,50
"319",2018,"Hawai'i",2,1,50
"320",2018,"Illinois",6,3,50
"321",2018,"Illinois State",4,2,50
"322",2018,"James Madison",2,1,50
"323",2018,"Loyola Maryland",2,1,50
"324",2018,"Montana State",4,2,50
"325",2018,"New Mexico",4,2,50
"326",2018,"North Carolina A&T",4,2,50
"327",2018,"Northern Iowa",4,2,50
"328",2018,"Pennsylvania",4,2,50
"329",2018,"Prairie View A&M",4,2,50
"330",2018,"San Francisco",2,1,50
"331",2018,"South Florida",6,3,50
"332",2018,"Southern",6,3,50
"333",2018,"Texas Tech",4,2,50
"334",2018,"UIC",2,1,50
"335",2018,"UT Martin",8,4,50
"336",2018,"UTEP",2,1,50
"337",2018,"Virginia Tech",20,10,50
"338",2018,"Western Kentucky",10,5,50
"339",2019,"American University",2,1,50
"340",2019,"Appalachian State",2,1,50
"341",2019,"Cal State Northridge",2,1,50
"342",2019,"Central Michigan",8,4,50
"343",2019,"Creighton",2,1,50
"344",2019,"Eastern Michigan",4,2,50
"345",2019,"Gardner-Webb",2,1,50
"346",2019,"Holy Cross",2,1,50
"347",2019,"Illinois",24,12,50
"348",2019,"Lamar",2,1,50
"349",2019,"Louisville",4,2,50
"350",2019,"Milwaukee",4,2,50
"351",2019,"Mount St. Mary's",4,2,50
"352",2019,"Northern Colorado",12,6,50
"353",2019,"Notre Dame",8,4,50
"354",2019,"Oklahoma",8,4,50
"355",2019,"Oklahoma State",6,3,50
"356",2019,"Oregon",10,5,50
"357",2019,"Saint Joseph's",6,3,50
"358",2019,"Seton Hall",2,1,50
"359",2019,"Stony Brook",2,1,50
"360",2019,"Troy",2,1,50
"361",2019,"UNC Asheville",2,1,50
"362",2019,"UNLV",2,1,50
"363",2019,"UTEP",2,1,50
"364",2019,"Western Michigan",4,2,50
"365",2019,"Wright State",2,1,50
"366",2020,"Baylor",4,2,50
"367",2020,"Boston College",6,3,50
"368",2020,"Bowling Green",26,13,50
"369",2020,"Central Washington",2,1,50
"370",2020,"East Tennessee State",12,6,50
"371",2020,"Elon",18,9,50
"372",2020,"Grambling",16,8,50
"373",2020,"Iowa",14,7,50
"374",2020,"Jacksonville",24,12,50
"375",2020,"Kansas",12,6,50
"376",2020,"Maryland",6,3,50
"377",2020,"Maryland-Eastern Shore",10,5,50
"378",2020,"Mid-America Christian",2,1,50
"379",2020,"Monmouth",16,8,50
"380",2020,"Murray State",8,4,50
"381",2020,"Northern Kentucky",20,10,50
"382",2020,"Oklahoma",26,13,50
"383",2020,"Oregon",2,1,50
"384",2020,"Princeton",2,1,50
"385",2020,"Seattle U",18,9,50
"386",2020,"St. Francis (PA)",18,9,50
"387",2020,"Stanford",18,9,50
"388",2020,"Tennessee State",6,3,50
"389",2020,"Valparaiso",8,4,50
"390",2020,"Villanova",30,15,50
"391",2020,"Virginia",14,7,50
"392",2020,"Western Illinois",4,2,50
"393",2020,"Air Force",25,12,48
"394",2019,"North Carolina",23,11,47.8
"395",2020,"Utah State",23,11,47.8
"396",2020,"Mount St. Mary's",21,10,47.6
"397",2020,"Toledo",21,10,47.6
"398",2020,"New Hampshire",19,9,47.4
"399",2020,"Oral Roberts",17,8,47.1
"400",2020,"South Alabama",17,8,47.1
"401",2020,"UMass Lowell",17,8,47.1
"402",2020,"Northern Illinois",32,15,46.9
"403",2018,"LSU",15,7,46.7
"404",2020,"Northwestern",15,7,46.7
"405",2016,"Texas A&M",26,12,46.2
"406",2020,"Hawai'i",13,6,46.2
"407",2020,"NJIT",13,6,46.2
"408",2020,"South Florida",13,6,46.2
"409",2020,"TCU",13,6,46.2
"410",2020,"UC Irvine",13,6,46.2
"411",2019,"Arizona State",24,11,45.8
"412",2020,"Ball State",24,11,45.8
"413",2018,"Charlotte",11,5,45.5
"414",2019,"Colorado",11,5,45.5
"415",2019,"Miami",11,5,45.5
"416",2020,"Maine",11,5,45.5
"417",2020,"Marquette",11,5,45.5
"418",2020,"UMass",11,5,45.5
"419",2020,"Wofford",22,10,45.5
"420",2020,"Lamar",31,14,45.2
"421",2020,"Grand Canyon",20,9,45
"422",2016,"Northwestern",29,13,44.8
"423",2016,"Holy Cross",9,4,44.4
"424",2016,"Maine",9,4,44.4
"425",2016,"South Florida",27,12,44.4
"426",2017,"Clemson",9,4,44.4
"427",2017,"Drexel",9,4,44.4
"428",2017,"Oregon State",9,4,44.4
"429",2017,"Wisconsin",9,4,44.4
"430",2018,"Hampton",9,4,44.4
"431",2018,"Minnesota",18,8,44.4
"432",2018,"Tennessee",9,4,44.4
"433",2020,"DePaul",9,4,44.4
"434",2020,"Miami (OH)",18,8,44.4
"435",2020,"UL Monroe",9,4,44.4
"436",2017,"Virginia",34,15,44.1
"437",2016,"Florida",16,7,43.8
"438",2018,"Rutgers",16,7,43.8
"439",2016,"Iowa",23,10,43.5
"440",2020,"VCU",23,10,43.5
"441",2016,"Charlotte",7,3,42.9
"442",2016,"Colorado",7,3,42.9
"443",2016,"Duke",14,6,42.9
"444",2016,"Kansas State",7,3,42.9
"445",2016,"Liberty",7,3,42.9
"446",2016,"Mississippi State",14,6,42.9
"447",2016,"Saint Louis",7,3,42.9
"448",2016,"Temple",14,6,42.9
"449",2016,"Utah",14,6,42.9
"450",2017,"Colorado State",7,3,42.9
"451",2017,"Duke",7,3,42.9
"452",2017,"Florida",14,6,42.9
"453",2018,"East Tennessee State",7,3,42.9
"454",2019,"Duke",7,3,42.9
"455",2019,"IUPUI",7,3,42.9
"456",2019,"New Mexico",7,3,42.9
"457",2020,"Green Bay",21,9,42.9
"458",2020,"Lafayette",14,6,42.9
"459",2020,"Mississippi Valley State",7,3,42.9
"460",2020,"South Carolina State",7,3,42.9
"461",2020,"Troy",7,3,42.9
"462",2020,"UIC",7,3,42.9
"463",2017,"Tennessee",26,11,42.3
"464",2020,"Boise State",26,11,42.3
"465",2019,"Texas",19,8,42.1
"466",2020,"Prairie View A&M",19,8,42.1
"467",2018,"West Virginia",12,5,41.7
"468",2020,"North Dakota State",12,5,41.7
"469",2017,"Georgia Tech",29,12,41.4
"470",2018,"Kansas State",17,7,41.2
"471",2018,"Ole Miss",17,7,41.2
"472",2019,"Oregon State",17,7,41.2
"473",2020,"Miami",17,7,41.2
"474",2016,"Boise State",5,2,40
"475",2016,"Boston College",5,2,40
"476",2016,"Chattanooga",5,2,40
"477",2016,"Detroit Mercy",5,2,40
"478",2016,"Evansville",5,2,40
"479",2016,"North Texas",5,2,40
"480",2016,"Northern Iowa",5,2,40
"481",2016,"Oregon",5,2,40
"482",2017,"Florida State",5,2,40
"483",2017,"Northwestern",10,4,40
"484",2017,"Omaha",5,2,40
"485",2017,"Oral Roberts",5,2,40
"486",2017,"Providence",5,2,40
"487",2017,"Western Illinois",5,2,40
"488",2018,"Delaware",5,2,40
"489",2018,"Drexel",5,2,40
"490",2018,"Florida State",10,4,40
"491",2018,"Jacksonville",5,2,40
"492",2018,"Lamar",5,2,40
"493",2018,"North Carolina",25,10,40
"494",2018,"Rice",5,2,40
"495",2018,"Savannah State",5,2,40
"496",2018,"Texas",5,2,40
"497",2018,"Utah",10,4,40
"498",2019,"Little Rock",5,2,40
"499",2019,"Mercer",5,2,40
"500",2019,"Michigan",10,4,40
"501",2019,"Southern Illinois",5,2,40
"502",2019,"Tulsa",5,2,40
"503",2019,"Wisconsin",10,4,40
"504",2020,"Colorado",10,4,40
"505",2020,"Davidson",30,12,40
"506",2020,"Dayton",15,6,40
"507",2020,"Florida Gulf Coast",5,2,40
"508",2020,"Lipscomb",10,4,40
"509",2020,"North Carolina",15,6,40
"510",2020,"Purdue Fort Wayne",10,4,40
"511",2020,"Syracuse",20,8,40
"512",2020,"USC",15,6,40
"513",2019,"Boston College",28,11,39.3
"514",2016,"USC",23,9,39.1
"515",2018,"Washington",23,9,39.1
"516",2016,"Arkansas",18,7,38.9
"517",2019,"Auburn",18,7,38.9
"518",2020,"Binghamton",18,7,38.9
"519",2020,"Kennesaw State",18,7,38.9
"520",2020,"West Virginia",18,7,38.9
"521",2016,"Kentucky",13,5,38.5
"522",2016,"Virginia Tech",13,5,38.5
"523",2017,"Missouri State",13,5,38.5
"524",2017,"Navy",13,5,38.5
"525",2018,"Arkansas",13,5,38.5
"526",2018,"Clemson",13,5,38.5
"527",2019,"Ohio State",13,5,38.5
"528",2019,"Pittsburgh",13,5,38.5
"529",2020,"Iowa State",13,5,38.5
"530",2020,"North Dakota",13,5,38.5
"531",2020,"Penn State",13,5,38.5
"532",2020,"UC Riverside",13,5,38.5
"533",2020,"Utah Valley",13,5,38.5
"534",2020,"Washington State",13,5,38.5
"535",2018,"Iowa",21,8,38.1
"536",2020,"Duke",21,8,38.1
"537",2020,"San Diego",21,8,38.1
"538",2020,"Lehigh",29,11,37.9
"539",2016,"George Mason",8,3,37.5
"540",2016,"LSU",16,6,37.5
"541",2016,"Western Illinois",8,3,37.5
"542",2017,"Elon",8,3,37.5
"543",2017,"IUPUI",8,3,37.5
"544",2017,"UC Riverside",8,3,37.5
"545",2018,"IUPUI",8,3,37.5
"546",2018,"Michigan",8,3,37.5
"547",2018,"Syracuse",16,6,37.5
"548",2019,"Florida State",16,6,37.5
"549",2019,"Harvard",8,3,37.5
"550",2019,"Northwestern",32,12,37.5
"551",2019,"San Diego",8,3,37.5
"552",2019,"Syracuse",16,6,37.5
"553",2020,"Alabama State",8,3,37.5
"554",2020,"George Mason",16,6,37.5
"555",2020,"Georgia",16,6,37.5
"556",2020,"Illinois State",32,12,37.5
"557",2020,"Northern Iowa",8,3,37.5
"558",2020,"Pittsburgh",8,3,37.5
"559",2020,"Texas State",24,9,37.5
"560",2020,"Mercer",35,13,37.1
"561",2020,"Tulane",35,13,37.1
"562",2016,"Georgia",19,7,36.8
"563",2018,"Indiana",19,7,36.8
"564",2018,"Vanderbilt",19,7,36.8
"565",2020,"Alabama A&M",19,7,36.8
"566",2020,"Fresno State",19,7,36.8
"567",2020,"Loyola Chicago",19,7,36.8
"568",2020,"Richmond",19,7,36.8
"569",2017,"Arizona",11,4,36.4
"570",2017,"Arizona State",22,8,36.4
"571",2017,"Miami",11,4,36.4
"572",2017,"Temple",11,4,36.4
"573",2017,"UCLA",11,4,36.4
"574",2018,"Oklahoma State",11,4,36.4
"575",2019,"Utah",11,4,36.4
"576",2020,"Columbia",11,4,36.4
"577",2020,"Minnesota",11,4,36.4
"578",2020,"NC State",11,4,36.4
"579",2020,"Alabama",25,9,36
"580",2020,"Saint Peter's",25,9,36
"581",2016,"Purdue",28,10,35.7
"582",2017,"Texas A&M",28,10,35.7
"583",2020,"Coastal Carolina",14,5,35.7
"584",2020,"Cornell",14,5,35.7
"585",2020,"Missouri",14,5,35.7
"586",2016,"Indiana",17,6,35.3
"587",2020,"California Baptist",17,6,35.3
"588",2020,"North Carolina Central",17,6,35.3
"589",2020,"SIU Edwardsville",17,6,35.3
"590",2017,"Nebraska",20,7,35
"591",2018,"Nebraska",20,7,35
"592",2019,"USC",20,7,35
"593",2020,"Army",20,7,35
"594",2020,"Montana",20,7,35
"595",2017,"Arkansas",23,8,34.8
"596",2020,"Duquesne",23,8,34.8
"597",2020,"Southern Miss",23,8,34.8
"598",2016,"UCLA",26,9,34.6
"599",2020,"San José State",29,10,34.5
"600",2020,"Wagner",38,13,34.2
"601",2015,"Green Bay",3,1,33.3
"602",2015,"Kentucky",3,1,33.3
"603",2015,"Northwestern",3,1,33.3
"604",2015,"Santa Clara",3,1,33.3
"605",2016,"Baylor",3,1,33.3
"606",2016,"DePaul",6,2,33.3
"607",2016,"Eastern Washington",6,2,33.3
"608",2016,"Florida Atlantic",3,1,33.3
"609",2016,"Florida International",3,1,33.3
"610",2016,"Gardner-Webb",3,1,33.3
"611",2016,"Missouri",6,2,33.3
"612",2016,"New Mexico",3,1,33.3
"613",2016,"Ohio State",21,7,33.3
"614",2016,"Rutgers",24,8,33.3
"615",2016,"SIU Edwardsville",6,2,33.3
"616",2016,"Saint Joseph's",3,1,33.3
"617",2016,"Sam Houston",3,1,33.3
"618",2016,"San Diego",3,1,33.3
"619",2016,"South Carolina",9,3,33.3
"620",2016,"Texas Tech",12,4,33.3
"621",2016,"UC Davis",3,1,33.3
"622",2016,"UCF",3,1,33.3
"623",2016,"UT Arlington",3,1,33.3
"624",2016,"UTSA",3,1,33.3
"625",2017,"Auburn",39,13,33.3
"626",2017,"BYU",6,2,33.3
"627",2017,"Creighton",3,1,33.3
"628",2017,"Florida Gulf Coast",3,1,33.3
"629",2017,"Idaho",6,2,33.3
"630",2017,"Kentucky",24,8,33.3
"631",2017,"Longwood",3,1,33.3
"632",2017,"Loyola Maryland",3,1,33.3
"633",2017,"Marquette",3,1,33.3
"634",2017,"New Mexico State",3,1,33.3
"635",2017,"North Texas",3,1,33.3
"636",2017,"Ole Miss",9,3,33.3
"637",2017,"Oregon",18,6,33.3
"638",2017,"San José State",3,1,33.3
"639",2017,"South Dakota",6,2,33.3
"640",2017,"St. John's",3,1,33.3
"641",2017,"Stanford",12,4,33.3
"642",2017,"Tulane",6,2,33.3
"643",2017,"UCF",9,3,33.3
"644",2018,"Arizona State",12,4,33.3
"645",2018,"Boston University",3,1,33.3
"646",2018,"Cal State Northridge",3,1,33.3
"647",2018,"Central Michigan",3,1,33.3
"648",2018,"Furman",6,2,33.3
"649",2018,"George Washington",6,2,33.3
"650",2018,"Georgetown",3,1,33.3
"651",2018,"Howard",3,1,33.3
"652",2018,"Idaho State",6,2,33.3
"653",2018,"Louisville",9,3,33.3
"654",2018,"Marshall",3,1,33.3
"655",2018,"Michigan State",27,9,33.3
"656",2018,"Middle Tennessee",9,3,33.3
"657",2018,"Missouri State",3,1,33.3
"658",2018,"North Florida",6,2,33.3
"659",2018,"Oklahoma",9,3,33.3
"660",2018,"SIU Edwardsville",3,1,33.3
"661",2018,"South Alabama",12,4,33.3
"662",2018,"South Carolina",6,2,33.3
"663",2018,"Southern Miss",6,2,33.3
"664",2018,"Southern Utah",3,1,33.3
"665",2018,"Toledo",9,3,33.3
"666",2018,"UMass",3,1,33.3
"667",2018,"UNC Greensboro",3,1,33.3
"668",2018,"UNLV",3,1,33.3
"669",2018,"Wichita State",3,1,33.3
"670",2018,"Yale",3,1,33.3
"671",2019,"Army",3,1,33.3
"672",2019,"Cincinnati",3,1,33.3
"673",2019,"East Carolina",3,1,33.3
"674",2019,"Eastern Washington",6,2,33.3
"675",2019,"Elon",3,1,33.3
"676",2019,"Fordham",3,1,33.3
"677",2019,"Fresno State",3,1,33.3
"678",2019,"George Mason",3,1,33.3
"679",2019,"Georgetown",3,1,33.3
"680",2019,"High Point",3,1,33.3
"681",2019,"Kansas City",3,1,33.3
"682",2019,"Lipscomb",3,1,33.3
"683",2019,"Memphis",3,1,33.3
"684",2019,"Michigan State",15,5,33.3
"685",2019,"Missouri",12,4,33.3
"686",2019,"NC State",9,3,33.3
"687",2019,"Niagara",3,1,33.3
"688",2019,"Prairie View A&M",6,2,33.3
"689",2019,"Rutgers",9,3,33.3
"690",2019,"Stephen F. Austin",3,1,33.3
"691",2019,"Toledo",3,1,33.3
"692",2019,"UC Santa Barbara",3,1,33.3
"693",2019,"UNC Wilmington",3,1,33.3
"694",2019,"UT Arlington",3,1,33.3
"695",2019,"Washington",18,6,33.3
"696",2020,"Akron",15,5,33.3
"697",2020,"BYU",15,5,33.3
"698",2020,"Belmont",15,5,33.3
"699",2020,"Bucknell",9,3,33.3
"700",2020,"Cal State Bakersfield",27,9,33.3
"701",2020,"Chattanooga",15,5,33.3
"702",2020,"Colgate",18,6,33.3
"703",2020,"Coppin State",9,3,33.3
"704",2020,"Fairfield",21,7,33.3
"705",2020,"Hampton",21,7,33.3
"706",2020,"Illinois",12,4,33.3
"707",2020,"Iona",18,6,33.3
"708",2020,"James Madison",15,5,33.3
"709",2020,"Kentucky",6,2,33.3
"710",2020,"Marian",3,1,33.3
"711",2020,"McNeese",6,2,33.3
"712",2020,"Memphis",18,6,33.3
"713",2020,"Oakland",9,3,33.3
"714",2020,"Ole Miss",15,5,33.3
"715",2020,"Oregon State",9,3,33.3
"716",2020,"Pepperdine",33,11,33.3
"717",2020,"Purdue",12,4,33.3
"718",2020,"SE Louisiana",15,5,33.3
"719",2020,"Santa Clara",27,9,33.3
"720",2020,"South Dakota State",6,2,33.3
"721",2020,"Southeast Missouri State",15,5,33.3
"722",2020,"Stephen F. Austin",6,2,33.3
"723",2020,"Stony Brook",24,8,33.3
"724",2020,"Tennessee",15,5,33.3
"725",2020,"Texas A&M-Corpus Christi",9,3,33.3
"726",2020,"UMBC",18,6,33.3
"727",2020,"UTSA",9,3,33.3
"728",2020,"Winthrop",27,9,33.3
"729",2020,"Wisconsin",12,4,33.3
"730",2020,"Wright State",18,6,33.3
"731",2020,"UC Santa Barbara",37,12,32.4
"732",2019,"Nebraska",31,10,32.3
"733",2020,"Long Island University",28,9,32.1
"734",2020,"UAB",28,9,32.1
"735",2017,"Alabama",25,8,32
"736",2020,"Idaho",25,8,32
"737",2020,"Southern Illinois",22,7,31.8
"738",2016,"Kansas",19,6,31.6
"739",2020,"Saint Joseph's",19,6,31.6
"740",2020,"Washington",19,6,31.6
"741",2019,"Kentucky",35,11,31.4
"742",2017,"USC",16,5,31.2
"743",2019,"Virginia",16,5,31.2
"744",2020,"Morgan State",16,5,31.2
"745",2020,"Northeastern",16,5,31.2
"746",2020,"UNC Asheville",16,5,31.2
"747",2017,"Kansas",29,9,31
"748",2016,"California",39,12,30.8
"749",2016,"Western Kentucky",13,4,30.8
"750",2017,"Indiana",13,4,30.8
"751",2017,"SMU",13,4,30.8
"752",2018,"Florida",26,8,30.8
"753",2018,"Virginia",13,4,30.8
"754",2019,"Gonzaga",13,4,30.8
"755",2019,"Tennessee",13,4,30.8
"756",2020,"Kent State",26,8,30.8
"757",2020,"LSU",26,8,30.8
"758",2020,"Louisiana",13,4,30.8
"759",2020,"North Florida",13,4,30.8
"760",2020,"Saint Mary's",26,8,30.8
"761",2020,"UCLA",26,8,30.8
"762",2016,"Stanford",23,7,30.4
"763",2020,"Cal State Fullerton",23,7,30.4
"764",2020,"Saint Louis",23,7,30.4
"765",2020,"Nevada",33,10,30.3
"766",2017,"Long Beach State",10,3,30
"767",2017,"Villanova",10,3,30
"768",2017,"West Virginia",10,3,30
"769",2018,"Ohio State",10,3,30
"770",2018,"Southeast Missouri State",10,3,30
"771",2019,"Alabama",20,6,30
"772",2019,"Kansas",20,6,30
"773",2019,"Minnesota",10,3,30
"774",2020,"Cal Poly",20,6,30
"775",2020,"Eastern Kentucky",20,6,30
"776",2020,"Incarnate Word",20,6,30
"777",2020,"La Salle",30,9,30
"778",2020,"Louisiana Tech",20,6,30
"779",2020,"Pacific",30,9,30
"780",2020,"Rutgers",20,6,30
"781",2018,"Penn State",27,8,29.6
"782",2019,"LSU",17,5,29.4
"783",2020,"Nebraska",17,5,29.4
"784",2020,"Notre Dame",17,5,29.4
"785",2020,"Wake Forest",17,5,29.4
"786",2020,"Wyoming",17,5,29.4
"787",2017,"Wake Forest",24,7,29.2
"788",2020,"Charleston",24,7,29.2
"789",2017,"Michigan State",31,9,29
"790",2016,"Creighton",7,2,28.6
"791",2016,"Eastern Michigan",7,2,28.6
"792",2016,"Navy",7,2,28.6
"793",2016,"Ohio",7,2,28.6
"794",2016,"Oklahoma",7,2,28.6
"795",2016,"Penn State",21,6,28.6
"796",2016,"UTEP",7,2,28.6
"797",2017,"Boston College",14,4,28.6
"798",2017,"Illinois",14,4,28.6
"799",2017,"Nevada",7,2,28.6
"800",2017,"Vanderbilt",21,6,28.6
"801",2018,"Butler",7,2,28.6
"802",2018,"NC State",7,2,28.6
"803",2018,"Saint Mary's",7,2,28.6
"804",2018,"Tulane",7,2,28.6
"805",2019,"California",28,8,28.6
"806",2019,"Iowa",7,2,28.6
"807",2019,"Vanderbilt",14,4,28.6
"808",2020,"Abilene Christian",14,4,28.6
"809",2020,"Bethune-Cookman",7,2,28.6
"810",2020,"Boston University",14,4,28.6
"811",2020,"Eastern Michigan",21,6,28.6
"812",2020,"Evansville",7,2,28.6
"813",2020,"Florida",7,2,28.6
"814",2020,"Georgetown",21,6,28.6
"815",2020,"Idaho State",14,4,28.6
"816",2020,"Kansas State",28,8,28.6
"817",2020,"Milwaukee",7,2,28.6
"818",2020,"North Alabama",14,4,28.6
"819",2020,"Portland",28,8,28.6
"820",2020,"Stetson",14,4,28.6
"821",2020,"UC Davis",21,6,28.6
"822",2020,"UT Martin",21,6,28.6
"823",2020,"Colorado State",39,11,28.2
"824",2016,"Louisville",25,7,28
"825",2019,"Purdue",25,7,28
"826",2017,"Oklahoma",18,5,27.8
"827",2019,"Clemson",18,5,27.8
"828",2019,"Georgia",18,5,27.8
"829",2020,"Old Dominion",18,5,27.8
"830",2020,"Rhode Island",18,5,27.8
"831",2020,"Texas A&M",18,5,27.8
"832",2020,"UNC Wilmington",18,5,27.8
"833",2020,"Wichita State",18,5,27.8
"834",2016,"Arizona",11,3,27.3
"835",2016,"Iowa State",22,6,27.3
"836",2016,"Washington",22,6,27.3
"837",2017,"Colorado",22,6,27.3
"838",2017,"Texas",11,3,27.3
"839",2018,"Troy",11,3,27.3
"840",2019,"Saint Mary's",11,3,27.3
"841",2020,"Arkansas-Pine Bluff",11,3,27.3
"842",2020,"Austin Peay",22,6,27.3
"843",2020,"Bryant",11,3,27.3
"844",2020,"Cleveland State",11,3,27.3
"845",2020,"Hartford",11,3,27.3
"846",2020,"Hofstra",11,3,27.3
"847",2020,"Holy Cross",11,3,27.3
"848",2020,"Sacramento State",22,6,27.3
"849",2020,"Texas Tech",22,6,27.3
"850",2020,"Vermont",22,6,27.3
"851",2016,"Washington State",26,7,26.9
"852",2020,"Southern Utah",26,7,26.9
"853",2018,"Kansas",15,4,26.7
"854",2018,"Kentucky",15,4,26.7
"855",2018,"Wisconsin",15,4,26.7
"856",2019,"Georgia Tech",15,4,26.7
"857",2019,"Texas Tech",30,8,26.7
"858",2020,"Indiana",15,4,26.7
"859",2020,"Michigan",15,4,26.7
"860",2020,"Montana State",15,4,26.7
"861",2020,"Northern Arizona",30,8,26.7
"862",2020,"Northern Colorado",15,4,26.7
"863",2020,"Seton Hall",15,4,26.7
"864",2020,"Towson",15,4,26.7
"865",2016,"Syracuse",19,5,26.3
"866",2020,"Charlotte",19,5,26.3
"867",2020,"Loyola Marymount",19,5,26.3
"868",2020,"Oklahoma State",19,5,26.3
"869",2019,"UCLA",42,11,26.2
"870",2017,"Georgia",23,6,26.1
"871",2020,"Central Michigan",23,6,26.1
"872",2020,"North Texas",23,6,26.1
"873",2020,"Ohio",23,6,26.1
"874",2020,"Niagara",27,7,25.9
"875",2020,"San Diego State",31,8,25.8
"876",2020,"Arizona State",35,9,25.7
"877",2015,"Mississippi State",4,1,25
"878",2015,"Rutgers",4,1,25
"879",2016,"Arizona State",20,5,25
"880",2016,"Canisius",4,1,25
"881",2016,"Indiana State",4,1,25
"882",2016,"Little Rock",4,1,25
"883",2016,"Memphis",8,2,25
"884",2016,"North Carolina",28,7,25
"885",2016,"North Dakota",4,1,25
"886",2016,"South Dakota State",4,1,25
"887",2016,"Southeast Missouri State",4,1,25
"888",2016,"Southern",4,1,25
"889",2016,"TCU",4,1,25
"890",2016,"Wright State",4,1,25
"891",2017,"Furman",8,2,25
"892",2017,"Georgia State",4,1,25
"893",2017,"Grambling",4,1,25
"894",2017,"North Dakota",8,2,25
"895",2017,"Notre Dame",8,2,25
"896",2017,"SIU Edwardsville",4,1,25
"897",2018,"Duquesne",4,1,25
"898",2018,"Georgia",16,4,25
"899",2018,"Louisiana",4,1,25
"900",2018,"Milwaukee",4,1,25
"901",2018,"Missouri",8,2,25
"902",2018,"St. John's",4,1,25
"903",2018,"Stetson",4,1,25
"904",2018,"UC Davis",4,1,25
"905",2018,"UCF",4,1,25
"906",2018,"USC",20,5,25
"907",2018,"UT Arlington",4,1,25
"908",2018,"Villanova",4,1,25
"909",2018,"Wake Forest",24,6,25
"910",2018,"Washington State",28,7,25
"911",2019,"Butler",4,1,25
"912",2019,"Campbell",4,1,25
"913",2019,"Florida",16,4,25
"914",2019,"Indiana",36,9,25
"915",2019,"Kennesaw State",8,2,25
"916",2019,"North Alabama",8,2,25
"917",2019,"Providence",4,1,25
"918",2019,"SMU",8,2,25
"919",2019,"San Diego State",8,2,25
"920",2019,"Texas A&M-Corpus Christi",4,1,25
"921",2019,"Xavier",4,1,25
"922",2020,"American University",16,4,25
"923",2020,"Campbell",20,5,25
"924",2020,"Chicago State",4,1,25
"925",2020,"Creighton",16,4,25
"926",2020,"East Carolina",20,5,25
"927",2020,"Florida International",20,5,25
"928",2020,"Gonzaga",12,3,25
"929",2020,"Harvard",16,4,25
"930",2020,"Indiana State",8,2,25
"931",2020,"Liberty",16,4,25
"932",2020,"Mississippi State",8,2,25
"933",2020,"Navy",16,4,25
"934",2020,"New Mexico",40,10,25
"935",2020,"Northwestern State",12,3,25
"936",2020,"UTEP",16,4,25
"937",2020,"Western Michigan",20,5,25
"938",2020,"Youngstown State",24,6,25
"939",2020,"Longwood",33,8,24.2
"940",2019,"Virginia Tech",29,7,24.1
"941",2020,"Denver",29,7,24.1
"942",2020,"Delaware",25,6,24
"943",2020,"Butler",21,5,23.8
"944",2020,"California",21,5,23.8
"945",2020,"Robert Morris",21,5,23.8
"946",2017,"California",17,4,23.5
"947",2017,"South Florida",17,4,23.5
"948",2020,"Arizona",17,4,23.5
"949",2020,"Arkansas",17,4,23.5
"950",2020,"Fordham",17,4,23.5
"951",2020,"Loyola Maryland",17,4,23.5
"952",2020,"New Mexico State",34,8,23.5
"953",2016,"Alabama",13,3,23.1
"954",2016,"West Virginia",13,3,23.1
"955",2017,"Oklahoma State",13,3,23.1
"956",2018,"Louisiana Tech",13,3,23.1
"957",2018,"Marquette",13,3,23.1
"958",2019,"Iowa State",13,3,23.1
"959",2020,"Alcorn State",13,3,23.1
"960",2020,"Siena",13,3,23.1
"961",2020,"Xavier",26,6,23.1
"962",2020,"Buffalo",22,5,22.7
"963",2020,"Cincinnati",22,5,22.7
"964",2020,"Georgia Tech",22,5,22.7
"965",2020,"Manhattan",22,5,22.7
"966",2016,"Albany",9,2,22.2
"967",2016,"Auburn",18,4,22.2
"968",2016,"Colorado State",9,2,22.2
"969",2017,"Drake",9,2,22.2
"970",2017,"Eastern Washington",9,2,22.2
"971",2017,"Iowa State",18,4,22.2
"972",2017,"Ohio State",9,2,22.2
"973",2018,"Georgia Tech",18,4,22.2
"974",2018,"Purdue",18,4,22.2
"975",2018,"Weber State",9,2,22.2
"976",2019,"Ole Miss",9,2,22.2
"977",2020,"Fairleigh Dickinson",18,4,22.2
"978",2020,"George Washington",18,4,22.2
"979",2020,"Omaha",18,4,22.2
"980",2020,"Rice",9,2,22.2
"981",2020,"Texas Southern",9,2,22.2
"982",2020,"Ohio State",23,5,21.7
"983",2020,"Samford",23,5,21.7
"984",2016,"Miami",14,3,21.4
"985",2016,"Oklahoma State",14,3,21.4
"986",2016,"Pittsburgh",14,3,21.4
"987",2017,"Kansas State",14,3,21.4
"988",2017,"Michigan",14,3,21.4
"989",2018,"California",14,3,21.4
"990",2018,"Duke",14,3,21.4
"991",2020,"Merrimack",14,3,21.4
"992",2016,"Vanderbilt",19,4,21.1
"993",2020,"Central Connecticut",19,4,21.1
"994",2020,"Georgia State",19,4,21.1
"995",2020,"UT Rio Grande Valley",19,4,21.1
"996",2017,"Iowa",24,5,20.8
"997",2020,"UNLV",29,6,20.7
"998",2015,"Purdue",5,1,20
"999",2016,"Ball State",5,1,20
"1000",2016,"East Carolina",5,1,20
"1001",2016,"Fordham",5,1,20
"1002",2016,"Lamar",10,2,20
"1003",2016,"Middle Tennessee",5,1,20
"1004",2016,"Ole Miss",15,3,20
"1005",2016,"Prairie View A&M",5,1,20
"1006",2017,"Cal State Bakersfield",5,1,20
"1007",2017,"Northern Iowa",10,2,20
"1008",2017,"Rice",5,1,20
"1009",2017,"San Diego",5,1,20
"1010",2017,"UNC Asheville",5,1,20
"1011",2018,"DePaul",10,2,20
"1012",2018,"Maryland",10,2,20
"1013",2018,"Notre Dame",5,1,20
"1014",2018,"Pittsburgh",10,2,20
"1015",2018,"SMU",5,1,20
"1016",2018,"Texas State",5,1,20
"1017",2019,"Arizona",20,4,20
"1018",2019,"Drexel",5,1,20
"1019",2019,"Furman",5,1,20
"1020",2019,"Idaho State",5,1,20
"1021",2019,"Marquette",10,2,20
"1022",2019,"Northeastern",5,1,20
"1023",2019,"South Carolina",20,4,20
"1024",2019,"Wyoming",5,1,20
"1025",2020,"Bradley",5,1,20
"1026",2020,"Dartmouth",5,1,20
"1027",2020,"Florida State",15,3,20
"1028",2020,"Howard",5,1,20
"1029",2020,"Little Rock",5,1,20
"1030",2020,"Long Beach State",20,4,20
"1031",2020,"Pennsylvania",5,1,20
"1032",2020,"South Carolina Upstate",10,2,20
"1033",2020,"Weber State",5,1,20
"1034",2020,"William & Mary",5,1,20
"1035",2016,"NC State",21,4,19
"1036",2020,"Houston",21,4,19
"1037",2020,"Kansas City",21,4,19
"1038",2016,"Michigan",16,3,18.8
"1039",2018,"Iowa State",32,6,18.8
"1040",2018,"Oregon State",16,3,18.8
"1041",2020,"Drake",16,3,18.8
"1042",2020,"San Francisco",16,3,18.8
"1043",2020,"Temple",27,5,18.5
"1044",2017,"Green Bay",11,2,18.2
"1045",2017,"Marshall",11,2,18.2
"1046",2017,"Utah",11,2,18.2
"1047",2018,"Wright State",11,2,18.2
"1048",2019,"Green Bay",11,2,18.2
"1049",2019,"Stanford",11,2,18.2
"1050",2020,"Delaware State",11,2,18.2
"1051",2020,"St. Francis Brooklyn",11,2,18.2
"1052",2020,"St. John's",33,6,18.2
"1053",2020,"UNC Greensboro",11,2,18.2
"1054",2020,"Virginia Tech",22,4,18.2
"1055",2020,"Yale",11,2,18.2
"1056",2017,"NC State",17,3,17.6
"1057",2020,"Eastern Washington",17,3,17.6
"1058",2020,"Nicholls",17,3,17.6
"1059",2019,"Penn State",23,4,17.4
"1060",2019,"Texas A&M",23,4,17.4
"1061",2020,"Marshall",23,4,17.4
"1062",2017,"Washington State",29,5,17.2
"1063",2016,"Buffalo",6,1,16.7
"1064",2016,"Clemson",6,1,16.7
"1065",2016,"Dayton",6,1,16.7
"1066",2016,"Duquesne",6,1,16.7
"1067",2016,"Notre Dame",6,1,16.7
"1068",2016,"South Dakota",12,2,16.7
"1069",2016,"Tulane",6,1,16.7
"1070",2016,"UNC Asheville",6,1,16.7
"1071",2017,"Tulsa",6,1,16.7
"1072",2018,"Chattanooga",6,1,16.7
"1073",2018,"Navy",6,1,16.7
"1074",2018,"Providence",6,1,16.7
"1075",2019,"Kansas State",6,1,16.7
"1076",2019,"New Mexico State",6,1,16.7
"1077",2019,"Sam Houston",6,1,16.7
"1078",2019,"South Florida",12,2,16.7
"1079",2019,"St. John's",6,1,16.7
"1080",2019,"Villanova",6,1,16.7
"1081",2020,"Eastern Illinois",18,3,16.7
"1082",2020,"Sacred Heart",6,1,16.7
"1083",2020,"Sam Houston",12,2,16.7
"1084",2016,"Tennessee",25,4,16
"1085",2020,"Florida Atlantic",25,4,16
"1086",2018,"UCLA",13,2,15.4
"1087",2019,"Houston",13,2,15.4
"1088",2020,"Tennessee Tech",13,2,15.4
"1089",2020,"Western Carolina",13,2,15.4
"1090",2020,"New Orleans",20,3,15
"1091",2016,"Illinois",14,2,14.3
"1092",2017,"George Washington",7,1,14.3
"1093",2017,"Texas State",7,1,14.3
"1094",2017,"Washington",7,1,14.3
"1095",2019,"South Dakota State",7,1,14.3
"1096",2019,"Southern Miss",7,1,14.3
"1097",2020,"Detroit Mercy",7,1,14.3
"1098",2020,"Furman",7,1,14.3
"1099",2020,"Gardner-Webb",21,3,14.3
"1100",2020,"North Carolina A&T",7,1,14.3
"1101",2020,"Quinnipiac",14,2,14.3
"1102",2017,"LSU",29,4,13.8
"1103",2020,"IUPUI",22,3,13.6
"1104",2020,"Jacksonville State",22,3,13.6
"1105",2019,"Washington State",15,2,13.3
"1106",2020,"Portland State",15,2,13.3
"1107",2020,"Texas",15,2,13.3
"1108",2016,"UT Martin",8,1,12.5
"1109",2017,"Syracuse",8,1,12.5
"1110",2017,"Wright State",8,1,12.5
"1111",2018,"Harvard",8,1,12.5
"1112",2018,"North Texas",8,1,12.5
"1113",2018,"Saint Louis",8,1,12.5
"1114",2018,"Seattle U",8,1,12.5
"1115",2019,"TCU",16,2,12.5
"1116",2020,"UT Arlington",8,1,12.5
"1117",2020,"Western Kentucky",16,2,12.5
"1118",2020,"Auburn",25,3,12
"1119",2016,"Virginia",9,1,11.1
"1120",2017,"Canisius",9,1,11.1
"1121",2018,"Nevada",9,1,11.1
"1122",2020,"Missouri State",9,1,11.1
"1123",2020,"Norfolk State",27,3,11.1
"1124",2020,"Radford",9,1,11.1
"1125",2017,"Louisville",19,2,10.5
"1126",2020,"Vanderbilt",19,2,10.5
"1127",2018,"Auburn",10,1,10
"1128",2020,"Charleston Southern",20,2,10
"1129",2020,"Louisville",10,1,10
"1130",2020,"St. Bonaventure",20,2,10
"1131",2017,"Middle Tennessee",11,1,9.1
"1132",2020,"UCF",13,1,7.7
"1133",2016,"George Washington",14,1,7.1
"1134",2016,"Wake Forest",14,1,7.1
"1135",2017,"Purdue",14,1,7.1
"1136",2020,"Georgia Southern",14,1,7.1
"1137",2016,"Georgia Tech",15,1,6.7
"1138",2016,"Michigan State",15,1,6.7
"1139",2018,"Arizona",17,1,5.9
"1140",2020,"Albany",18,1,5.6
"1141",2020,"SMU",20,1,5
"1142",2020,"Drexel",23,1,4.3
"1143",2015,"Arizona State",1,0,0
"1144",2015,"Colorado",2,0,0
"1145",2015,"DePaul",3,0,0
"1146",2015,"Ohio State",1,0,0
"1147",2015,"Oklahoma",2,0,0
"1148",2015,"Oregon",1,0,0
"1149",2015,"USC",3,0,0
"1150",2016,"Alcorn State",3,0,0
"1151",2016,"Arkansas State",7,0,0
"1152",2016,"BYU",6,0,0
"1153",2016,"Bradley",2,0,0
"1154",2016,"Cal Poly",1,0,0
"1155",2016,"Central Arkansas",2,0,0
"1156",2016,"Charleston",4,0,0
"1157",2016,"Coppin State",1,0,0
"1158",2016,"Dartmouth",2,0,0
"1159",2016,"Drake",8,0,0
"1160",2016,"Elon",5,0,0
"1161",2016,"Fresno State",3,0,0
"1162",2016,"Gonzaga",5,0,0
"1163",2016,"Grambling",1,0,0
"1164",2016,"Grand Canyon",2,0,0
"1165",2016,"Hampton",2,0,0
"1166",2016,"Houston Christian",2,0,0
"1167",2016,"Illinois State",4,0,0
"1168",2016,"Iona",2,0,0
"1169",2016,"Louisiana Tech",5,0,0
"1170",2016,"Marist",1,0,0
"1171",2016,"Missouri State",1,0,0
"1172",2016,"Montana",1,0,0
"1173",2016,"Morgan State",1,0,0
"1174",2016,"Murray State",2,0,0
"1175",2016,"Oakland",3,0,0
"1176",2016,"Oregon State",11,0,0
"1177",2016,"Presbyterian",1,0,0
"1178",2016,"Rice",3,0,0
"1179",2016,"Robert Morris",1,0,0
"1180",2016,"Sacred Heart",2,0,0
"1181",2016,"Samford",5,0,0
"1182",2016,"San Diego State",1,0,0
"1183",2016,"Santa Clara",1,0,0
"1184",2016,"Savannah State",2,0,0
"1185",2016,"Siena",2,0,0
"1186",2016,"South Carolina State",2,0,0
"1187",2016,"Southern Miss",4,0,0
"1188",2016,"Stony Brook",4,0,0
"1189",2016,"UAB",3,0,0
"1190",2016,"UC Riverside",1,0,0
"1191",2016,"UL Monroe",2,0,0
"1192",2016,"UNC Wilmington",2,0,0
"1193",2016,"UT Rio Grande Valley",10,0,0
"1194",2016,"Utah State",3,0,0
"1195",2016,"Villanova",2,0,0
"1196",2016,"Western Michigan",2,0,0
"1197",2016,"Wichita State",2,0,0
"1198",2016,"William & Mary",4,0,0
"1199",2016,"Youngstown State",3,0,0
"1200",2017,"Air Force",1,0,0
"1201",2017,"Albany",1,0,0
"1202",2017,"Arkansas-Pine Bluff",1,0,0
"1203",2017,"Bryant",1,0,0
"1204",2017,"Bucknell",4,0,0
"1205",2017,"Cal State Northridge",2,0,0
"1206",2017,"Central Michigan",3,0,0
"1207",2017,"Charleston",4,0,0
"1208",2017,"Charleston Southern",4,0,0
"1209",2017,"Cincinnati",3,0,0
"1210",2017,"Dayton",2,0,0
"1211",2017,"East Tennessee State",3,0,0
"1212",2017,"Gardner-Webb",1,0,0
"1213",2017,"Harvard",3,0,0
"1214",2017,"Iona",3,0,0
"1215",2017,"Jacksonville State",1,0,0
"1216",2017,"Kansas City",1,0,0
"1217",2017,"Kennesaw State",3,0,0
"1218",2017,"Kent State",3,0,0
"1219",2017,"Liberty",1,0,0
"1220",2017,"Loyola Marymount",2,0,0
"1221",2017,"Maryland",1,0,0
"1222",2017,"McNeese",2,0,0
"1223",2017,"Miami (OH)",4,0,0
"1224",2017,"Northern Colorado",1,0,0
"1225",2017,"Northern Illinois",2,0,0
"1226",2017,"Ohio",3,0,0
"1227",2017,"Portland State",2,0,0
"1228",2017,"Presbyterian",1,0,0
"1229",2017,"Princeton",1,0,0
"1230",2017,"Radford",1,0,0
"1231",2017,"Richmond",2,0,0
"1232",2017,"Sacramento State",2,0,0
"1233",2017,"Saint Mary's",4,0,0
"1234",2017,"Samford",2,0,0
"1235",2017,"Santa Clara",2,0,0
"1236",2017,"Seattle U",2,0,0
"1237",2017,"St. Bonaventure",1,0,0
"1238",2017,"Stetson",2,0,0
"1239",2017,"UAB",5,0,0
"1240",2017,"UNLV",4,0,0
"1241",2017,"UT Rio Grande Valley",1,0,0
"1242",2018,"Ball State",4,0,0
"1243",2018,"Baylor",1,0,0
"1244",2018,"Binghamton",2,0,0
"1245",2018,"Boise State",6,0,0
"1246",2018,"Bucknell",1,0,0
"1247",2018,"Buffalo",1,0,0
"1248",2018,"Cal State Bakersfield",2,0,0
"1249",2018,"Campbell",2,0,0
"1250",2018,"Canisius",2,0,0
"1251",2018,"Central Connecticut",1,0,0
"1252",2018,"Cincinnati",1,0,0
"1253",2018,"Coppin State",1,0,0
"1254",2018,"Creighton",1,0,0
"1255",2018,"Detroit Mercy",1,0,0
"1256",2018,"Florida A&M",7,0,0
"1257",2018,"Florida Gulf Coast",1,0,0
"1258",2018,"Florida International",2,0,0
"1259",2018,"Fresno State",1,0,0
"1260",2018,"Gardner-Webb",2,0,0
"1261",2018,"Georgia Southern",2,0,0
"1262",2018,"Grambling",1,0,0
"1263",2018,"Grand Canyon",2,0,0
"1264",2018,"Hofstra",1,0,0
"1265",2018,"Indiana State",5,0,0
"1266",2018,"Jackson State",3,0,0
"1267",2018,"Lehigh",1,0,0
"1268",2018,"Little Rock",3,0,0
"1269",2018,"Marist",1,0,0
"1270",2018,"Miami (OH)",6,0,0
"1271",2018,"Mississippi State",1,0,0
"1272",2018,"New Hampshire",4,0,0
"1273",2018,"Nicholls",1,0,0
"1274",2018,"Norfolk State",2,0,0
"1275",2018,"Northern Colorado",2,0,0
"1276",2018,"Northern Illinois",1,0,0
"1277",2018,"Oakland",1,0,0
"1278",2018,"Ohio",3,0,0
"1279",2018,"Old Dominion",1,0,0
"1280",2018,"Oral Roberts",1,0,0
"1281",2018,"Quinnipiac",2,0,0
"1282",2018,"Radford",1,0,0
"1283",2018,"Richmond",5,0,0
"1284",2018,"Robert Morris",1,0,0
"1285",2018,"Samford",2,0,0
"1286",2018,"San Diego State",4,0,0
"1287",2018,"South Dakota State",2,0,0
"1288",2018,"Southern Illinois",3,0,0
"1289",2018,"St. Bonaventure",1,0,0
"1290",2018,"St. Francis Brooklyn",1,0,0
"1291",2018,"Temple",4,0,0
"1292",2018,"UC Irvine",1,0,0
"1293",2018,"UC Riverside",3,0,0
"1294",2018,"UNC Asheville",1,0,0
"1295",2018,"Valparaiso",2,0,0
"1296",2018,"Western Illinois",5,0,0
"1297",2018,"Western Michigan",1,0,0
"1298",2018,"Wyoming",2,0,0
"1299",2018,"Xavier",3,0,0
"1300",2018,"Youngstown State",2,0,0
"1301",2019,"Abilene Christian",2,0,0
"1302",2019,"Baylor",1,0,0
"1303",2019,"Belmont",3,0,0
"1304",2019,"Bethune-Cookman",1,0,0
"1305",2019,"Binghamton",3,0,0
"1306",2019,"Boise State",3,0,0
"1307",2019,"Bradley",1,0,0
"1308",2019,"Central Arkansas",1,0,0
"1309",2019,"Charleston Southern",1,0,0
"1310",2019,"Chattanooga",1,0,0
"1311",2019,"Coppin State",1,0,0
"1312",2019,"Davidson",5,0,0
"1313",2019,"Dayton",3,0,0
"1314",2019,"DePaul",8,0,0
"1315",2019,"Denver",1,0,0
"1316",2019,"Drake",1,0,0
"1317",2019,"Duquesne",1,0,0
"1318",2019,"Fairfield",2,0,0
"1319",2019,"Georgia State",2,0,0
"1320",2019,"Grambling",2,0,0
"1321",2019,"Hartford",2,0,0
"1322",2019,"Hofstra",2,0,0
"1323",2019,"Houston Christian",1,0,0
"1324",2019,"Illinois State",1,0,0
"1325",2019,"Indiana State",2,0,0
"1326",2019,"Jackson State",6,0,0
"1327",2019,"James Madison",4,0,0
"1328",2019,"Kent State",1,0,0
"1329",2019,"Longwood",2,0,0
"1330",2019,"Louisiana Tech",2,0,0
"1331",2019,"Loyola Marymount",2,0,0
"1332",2019,"Marshall",3,0,0
"1333",2019,"Miami (OH)",1,0,0
"1334",2019,"Monmouth",1,0,0
"1335",2019,"Morehead State",3,0,0
"1336",2019,"Morgan State",1,0,0
"1337",2019,"NJIT",2,0,0
"1338",2019,"Nevada",3,0,0
"1339",2019,"Nicholls",1,0,0
"1340",2019,"North Florida",2,0,0
"1341",2019,"North Texas",4,0,0
"1342",2019,"Northern Illinois",1,0,0
"1343",2019,"Ohio",2,0,0
"1344",2019,"Pacific",2,0,0
"1345",2019,"Portland",5,0,0
"1346",2019,"Princeton",2,0,0
"1347",2019,"Quinnipiac",3,0,0
"1348",2019,"Robert Morris",1,0,0
"1349",2019,"Seattle U",4,0,0
"1350",2019,"South Dakota",4,0,0
"1351",2019,"St. Francis (PA)",3,0,0
"1352",2019,"St. Francis Brooklyn",1,0,0
"1353",2019,"Stetson",2,0,0
"1354",2019,"Temple",3,0,0
"1355",2019,"Tennessee Tech",1,0,0
"1356",2019,"Tulane",1,0,0
"1357",2019,"UC Irvine",2,0,0
"1358",2019,"UC Riverside",1,0,0
"1359",2019,"UCF",1,0,0
"1360",2019,"UMass",2,0,0
"1361",2019,"UT Rio Grande Valley",4,0,0
"1362",2019,"Utah State",4,0,0
"1363",2019,"Wake Forest",4,0,0
"1364",2019,"Youngstown State",2,0,0
"1365",2020,"Florida A&M",1,0,0
"1366",2020,"High Point",7,0,0
"1367",2020,"Marist",7,0,0
"1368",2020,"Quincy",2,0,0
"1369",2020,"Southern",8,0,0
"1370",2020,"Wisconsin Parkside",3,0,0
"1371",2021,"Albany",3,3,100
"1372",2021,"Texas Southern",1,1,100
"1373",2021,"UC Davis",1,1,100
"1374",2021,"Westmont",2,2,100
"1375",2022,"Bellarmine",2,2,100
"1376",2022,"Jarvis Christian",1,1,100
"1377",2022,"Molloy",1,1,100
"1378",2023,"Mercyhurst",1,1,100
"1379",2023,"South Carolina State",2,2,100
"1380",2024,"UNC Wilmington",5,5,100
"1381",2021,"Southern",7,6,85.7
"1382",2023,"Vanderbilt",13,11,84.6
"1383",2021,"Nicholls",9,7,77.8
"1384",2023,"TCU",9,7,77.8
"1385",2021,"Fairfield",4,3,75
"1386",2021,"Fairleigh Dickinson",8,6,75
"1387",2021,"Florida",8,6,75
"1388",2021,"Washington",4,3,75
"1389",2024,"Texas Tech",4,3,75
"1390",2024,"Arizona State",7,5,71.4
"1391",2022,"Wisconsin",10,7,70
"1392",2024,"Fairleigh Dickinson",13,9,69.2
"1393",2024,"Harvard",13,9,69.2
"1394",2021,"Bucknell",3,2,66.7
"1395",2021,"Eastern Kentucky",9,6,66.7
"1396",2021,"Elon",3,2,66.7
"1397",2021,"Fordham",9,6,66.7
"1398",2021,"Niagara",3,2,66.7
"1399",2021,"Providence",3,2,66.7
"1400",2021,"UConn",12,8,66.7
"1401",2021,"Virginia",3,2,66.7
"1402",2022,"Cleveland State",6,4,66.7
"1403",2022,"Florida A&M",6,4,66.7
"1404",2022,"Grambling",6,4,66.7
"1405",2022,"Northern Arizona",12,8,66.7
"1406",2023,"Nicholls",3,2,66.7
"1407",2024,"Colorado",6,4,66.7
"1408",2024,"Gettysburg",3,2,66.7
"1409",2024,"Michigan State",9,6,66.7
"1410",2024,"South Dakota",9,6,66.7
"1411",2024,"Western Colorado",3,2,66.7
"1412",2024,"Milwaukee",23,15,65.2
"1413",2023,"Tennessee Tech",14,9,64.3
"1414",2024,"Utah State",14,9,64.3
"1415",2022,"Hawai'i",11,7,63.6
"1416",2024,"Yale",11,7,63.6
"1417",2023,"Prairie View A&M",16,10,62.5
"1418",2024,"Pacific",8,5,62.5
"1419",2021,"Bowling Green",13,8,61.5
"1420",2021,"Charleston Southern",13,8,61.5
"1421",2023,"UConn",13,8,61.5
"1422",2024,"Oral Roberts",18,11,61.1
"1423",2021,"Missouri State",5,3,60
"1424",2021,"Seton Hall",20,12,60
"1425",2023,"Delaware State",5,3,60
"1426",2023,"Oregon",25,15,60
"1427",2023,"Western Carolina",10,6,60
"1428",2023,"Winthrop",10,6,60
"1429",2024,"Cleveland State",5,3,60
"1430",2024,"Loyola Chicago",20,12,60
"1431",2024,"Marshall",10,6,60
"1432",2022,"Texas Tech",27,16,59.3
"1433",2023,"Arkansas-Pine Bluff",17,10,58.8
"1434",2021,"Little Rock",12,7,58.3
"1435",2022,"Columbia",12,7,58.3
"1436",2024,"Ole Miss",12,7,58.3
"1437",2021,"Montana",19,11,57.9
"1438",2022,"IUPUI",19,11,57.9
"1439",2024,"Binghamton",19,11,57.9
"1440",2021,"Abilene Christian",7,4,57.1
"1441",2021,"Eastern Washington",7,4,57.1
"1442",2021,"Illinois State",14,8,57.1
"1443",2021,"Northwestern",7,4,57.1
"1444",2021,"Winthrop",7,4,57.1
"1445",2021,"Wisconsin",7,4,57.1
"1446",2022,"Bowling Green",7,4,57.1
"1447",2022,"Eastern Washington",7,4,57.1
"1448",2022,"Green Bay",7,4,57.1
"1449",2022,"Marquette",14,8,57.1
"1450",2023,"Bowling Green",7,4,57.1
"1451",2024,"Dayton",14,8,57.1
"1452",2024,"Le Moyne",7,4,57.1
"1453",2024,"Portland State",7,4,57.1
"1454",2024,"Queens University",21,12,57.1
"1455",2024,"Wagner",14,8,57.1
"1456",2021,"Bellarmine",16,9,56.2
"1457",2023,"Texas",16,9,56.2
"1458",2022,"Grand Canyon",25,14,56
"1459",2021,"IUPUI",9,5,55.6
"1460",2021,"Idaho State",9,5,55.6
"1461",2021,"Iowa State",9,5,55.6
"1462",2021,"Milwaukee",9,5,55.6
"1463",2021,"Samford",9,5,55.6
"1464",2022,"Jacksonville State",9,5,55.6
"1465",2023,"Loyola Chicago",9,5,55.6
"1466",2023,"Oklahoma",9,5,55.6
"1467",2024,"San Francisco",9,5,55.6
"1468",2021,"Green Bay",11,6,54.5
"1469",2021,"SE Louisiana",11,6,54.5
"1470",2022,"Oral Roberts",11,6,54.5
"1471",2022,"South Dakota State",11,6,54.5
"1472",2023,"Texas A&M",11,6,54.5
"1473",2023,"Western Illinois",11,6,54.5
"1474",2024,"Chicago State",11,6,54.5
"1475",2024,"Northern Kentucky",11,6,54.5
"1476",2022,"Albany",13,7,53.8
"1477",2022,"Oakland",13,7,53.8
"1478",2022,"UNC Asheville",13,7,53.8
"1479",2024,"Cal State Northridge",26,14,53.8
"1480",2024,"Fresno State",13,7,53.8
"1481",2024,"George Mason",13,7,53.8
"1482",2024,"Iona",13,7,53.8
"1483",2023,"NJIT",28,15,53.6
"1484",2021,"Hawai'i",15,8,53.3
"1485",2021,"South Alabama",15,8,53.3
"1486",2022,"Nicholls",15,8,53.3
"1487",2022,"Siena",15,8,53.3
"1488",2023,"Idaho",30,16,53.3
"1489",2023,"San Diego State",19,10,52.6
"1490",2024,"Oklahoma",19,10,52.6
"1491",2021,"Toledo",21,11,52.4
"1492",2024,"Akron",23,12,52.2
"1493",2024,"Minnesota",23,12,52.2
"1494",2024,"Cal State Bakersfield",25,13,52
"1495",2024,"Bradley",27,14,51.9
"1496",2021,"Alabama A&M",2,1,50
"1497",2021,"American University",2,1,50
"1498",2021,"Arkansas-Pine Bluff",6,3,50
"1499",2021,"BYU",6,3,50
"1500",2021,"Belmont",20,10,50
"1501",2021,"Cal State Bakersfield",6,3,50
"1502",2021,"Cleveland State",10,5,50
"1503",2021,"Detroit Mercy",2,1,50
"1504",2021,"Fresno Pacific",2,1,50
"1505",2021,"Holy Cross",2,1,50
"1506",2021,"Montana State",8,4,50
"1507",2021,"North Carolina A&T",4,2,50
"1508",2021,"Oral Roberts",8,4,50
"1509",2021,"Penn State",12,6,50
"1510",2021,"Rice",8,4,50
"1511",2021,"Saint Louis",10,5,50
"1512",2021,"South Dakota",6,3,50
"1513",2021,"South Dakota State",6,3,50
"1514",2021,"UC Riverside",10,5,50
"1515",2021,"UT Arlington",6,3,50
"1516",2021,"UT Rio Grande Valley",8,4,50
"1517",2021,"Valparaiso",18,9,50
"1518",2021,"Western Illinois",8,4,50
"1519",2021,"Young Harris College",2,1,50
"1520",2022,"Little Rock",16,8,50
"1521",2022,"Mercer",6,3,50
"1522",2022,"Miami",14,7,50
"1523",2022,"Morehead State",6,3,50
"1524",2022,"North Carolina A&T",8,4,50
"1525",2022,"Pikeville",2,1,50
"1526",2022,"Sacramento State",16,8,50
"1527",2022,"South Alabama",10,5,50
"1528",2022,"South Carolina State",2,1,50
"1529",2022,"Southern Miss",24,12,50
"1530",2022,"Syracuse",4,2,50
"1531",2022,"Westminster (UT)",4,2,50
"1532",2023,"Anderson",2,1,50
"1533",2023,"Bradley",6,3,50
"1534",2023,"Colorado",12,6,50
"1535",2023,"Florida Gulf Coast",2,1,50
"1536",2023,"Jackson State",4,2,50
"1537",2023,"Kent State",18,9,50
"1538",2023,"Lafayette",4,2,50
"1539",2023,"Longwood",8,4,50
"1540",2023,"NW Nazarene",4,2,50
"1541",2023,"Northwestern",12,6,50
"1542",2023,"Ohio State",6,3,50
"1543",2023,"Queens University",2,1,50
"1544",2023,"Robert Morris",8,4,50
"1545",2023,"Rust College",2,1,50
"1546",2023,"Utah Tech",14,7,50
"1547",2023,"Virginia Tech",8,4,50
"1548",2024,"Alabama A&M",20,10,50
"1549",2024,"Cincinnati",4,2,50
"1550",2024,"Cornell",14,7,50
"1551",2024,"Dartmouth",12,6,50
"1552",2024,"Detroit Mercy",22,11,50
"1553",2024,"Fairfield",12,6,50
"1554",2024,"Georgia State",14,7,50
"1555",2024,"Hampton",6,3,50
"1556",2024,"Hope International",2,1,50
"1557",2024,"Indiana",10,5,50
"1558",2024,"La Salle",16,8,50
"1559",2024,"Niagara",18,9,50
"1560",2024,"Richmond",12,6,50
"1561",2024,"San José State",14,7,50
"1562",2024,"Siena",16,8,50
"1563",2024,"South Carolina",8,4,50
"1564",2024,"South Dakota State",6,3,50
"1565",2024,"UAlbany",12,6,50
"1566",2024,"UL Monroe",22,11,50
"1567",2024,"UT Arlington",14,7,50
"1568",2024,"Washington",18,9,50
"1569",2024,"Louisiana Tech",33,16,48.5
"1570",2022,"Utah State",31,15,48.4
"1571",2023,"Lehigh",25,12,48
"1572",2024,"Grambling",25,12,48
"1573",2023,"Bethune-Cookman",23,11,47.8
"1574",2024,"North Alabama",23,11,47.8
"1575",2023,"Cal State Northridge",21,10,47.6
"1576",2023,"Southern Illinois",21,10,47.6
"1577",2023,"St. Francis Brooklyn",21,10,47.6
"1578",2021,"Clemson",19,9,47.4
"1579",2021,"Florida International",19,9,47.4
"1580",2022,"SMU",19,9,47.4
"1581",2022,"St. Bonaventure",19,9,47.4
"1582",2022,"Western Kentucky",19,9,47.4
"1583",2023,"Arizona",19,9,47.4
"1584",2023,"La Salle",19,9,47.4
"1585",2024,"Rider",19,9,47.4
"1586",2024,"Vermont",19,9,47.4
"1587",2022,"UMBC",17,8,47.1
"1588",2024,"Drexel",17,8,47.1
"1589",2024,"Illinois State",17,8,47.1
"1590",2024,"Southern Indiana",17,8,47.1
"1591",2021,"Georgia Southern",15,7,46.7
"1592",2021,"UC Santa Barbara",15,7,46.7
"1593",2022,"Louisiana",15,7,46.7
"1594",2022,"Missouri",15,7,46.7
"1595",2022,"UT Arlington",15,7,46.7
"1596",2024,"Houston",15,7,46.7
"1597",2024,"Liberty",15,7,46.7
"1598",2024,"Tennessee State",30,14,46.7
"1599",2022,"Colgate",28,13,46.4
"1600",2023,"Miami (OH)",28,13,46.4
"1601",2021,"Cal State Fullerton",13,6,46.2
"1602",2021,"New Orleans",13,6,46.2
"1603",2022,"American University",13,6,46.2
"1604",2022,"Brown",13,6,46.2
"1605",2022,"Buffalo",26,12,46.2
"1606",2022,"Kentucky",13,6,46.2
"1607",2022,"Nevada",26,12,46.2
"1608",2022,"St. John's",26,12,46.2
"1609",2022,"Utah",13,6,46.2
"1610",2023,"Drake",13,6,46.2
"1611",2023,"Ohio",13,6,46.2
"1612",2023,"Providence",13,6,46.2
"1613",2024,"Boston College",13,6,46.2
"1614",2024,"Gardner-Webb",13,6,46.2
"1615",2024,"Lamar",13,6,46.2
"1616",2024,"Texas A&M-Corpus Christi",13,6,46.2
"1617",2021,"Southeast Missouri State",24,11,45.8
"1618",2022,"Hartford",24,11,45.8
"1619",2023,"North Dakota",24,11,45.8
"1620",2024,"Jacksonville",24,11,45.8
"1621",2021,"Colorado",11,5,45.5
"1622",2021,"Howard",11,5,45.5
"1623",2021,"Louisville",11,5,45.5
"1624",2021,"Ohio State",11,5,45.5
"1625",2021,"UIC",11,5,45.5
"1626",2021,"Wright State",22,10,45.5
"1627",2022,"Dayton",11,5,45.5
"1628",2022,"Georgetown",11,5,45.5
"1629",2022,"Maryland",11,5,45.5
"1630",2022,"Monmouth",22,10,45.5
"1631",2022,"Pennsylvania",11,5,45.5
"1632",2023,"Coastal Carolina",11,5,45.5
"1633",2023,"Creighton",22,10,45.5
"1634",2023,"Mississippi Valley State",11,5,45.5
"1635",2023,"South Dakota",22,10,45.5
"1636",2023,"Tulsa",11,5,45.5
"1637",2024,"Maine",11,5,45.5
"1638",2024,"Manhattan",22,10,45.5
"1639",2024,"Rhode Island",22,10,45.5
"1640",2024,"Stephen F. Austin",22,10,45.5
"1641",2024,"Western Illinois",11,5,45.5
"1642",2024,"Chattanooga",20,9,45
"1643",2024,"Miami (OH)",20,9,45
"1644",2024,"Texas A&M-Commerce",20,9,45
"1645",2021,"UTSA",9,4,44.4
"1646",2021,"Wagner",9,4,44.4
"1647",2022,"Cornell",9,4,44.4
"1648",2022,"Princeton",9,4,44.4
"1649",2022,"Rhode Island",9,4,44.4
"1650",2023,"Dartmouth",9,4,44.4
"1651",2023,"Georgia",9,4,44.4
"1652",2023,"St. John's",9,4,44.4
"1653",2023,"Texas A&M-Commerce",18,8,44.4
"1654",2024,"Colgate",27,12,44.4
"1655",2024,"Denver",9,4,44.4
"1656",2024,"New Hampshire",18,8,44.4
"1657",2024,"Notre Dame",18,8,44.4
"1658",2022,"Air Force",25,11,44
"1659",2024,"Fordham",25,11,44
"1660",2022,"UC Irvine",16,7,43.8
"1661",2022,"Valparaiso",16,7,43.8
"1662",2022,"Washington State",16,7,43.8
"1663",2023,"San Francisco",16,7,43.8
"1664",2024,"Kent State",16,7,43.8
"1665",2024,"Saint Mary's",16,7,43.8
"1666",2024,"Santa Clara",16,7,43.8
"1667",2021,"Miami (OH)",23,10,43.5
"1668",2022,"Binghamton",23,10,43.5
"1669",2024,"Incarnate Word",23,10,43.5
"1670",2024,"North Texas",23,10,43.5
"1671",2022,"Florida",30,13,43.3
"1672",2024,"Eastern Illinois",30,13,43.3
"1673",2021,"Cal Poly",21,9,42.9
"1674",2021,"Creighton",21,9,42.9
"1675",2021,"Hofstra",7,3,42.9
"1676",2021,"Idaho",7,3,42.9
"1677",2021,"Lehigh",7,3,42.9
"1678",2021,"Maryland",7,3,42.9
"1679",2021,"Morehead State",14,6,42.9
"1680",2021,"North Alabama",7,3,42.9
"1681",2021,"Northern Illinois",14,6,42.9
"1682",2021,"Northern Iowa",14,6,42.9
"1683",2021,"Robert Morris",7,3,42.9
"1684",2021,"St. Francis Brooklyn",14,6,42.9
"1685",2021,"Temple",7,3,42.9
"1686",2021,"Tulsa",7,3,42.9
"1687",2022,"Robert Morris",7,3,42.9
"1688",2022,"South Dakota",7,3,42.9
"1689",2023,"American University",21,9,42.9
"1690",2023,"Harvard",21,9,42.9
"1691",2023,"Long Island University",21,9,42.9
"1692",2023,"Memphis",21,9,42.9
"1693",2023,"NC State",7,3,42.9
"1694",2023,"Southern",14,6,42.9
"1695",2023,"Toledo",14,6,42.9
"1696",2024,"BYU",14,6,42.9
"1697",2024,"Bethune-Cookman",35,15,42.9
"1698",2024,"Buffalo",14,6,42.9
"1699",2024,"Central Michigan",21,9,42.9
"1700",2024,"Grand Canyon",28,12,42.9
"1701",2024,"Mercer",42,18,42.9
"1702",2024,"Missouri State",28,12,42.9
"1703",2022,"Manhattan",33,14,42.4
"1704",2023,"Monmouth",26,11,42.3
"1705",2023,"Portland State",26,11,42.3
"1706",2021,"Kansas City",19,8,42.1
"1707",2021,"Oakland",19,8,42.1
"1708",2021,"Villanova",19,8,42.1
"1709",2022,"Boston College",19,8,42.1
"1710",2022,"Marist",19,8,42.1
"1711",2022,"Oklahoma State",19,8,42.1
"1712",2022,"Saint Joseph's",19,8,42.1
"1713",2022,"St. Francis (PA)",19,8,42.1
"1714",2022,"UMass Lowell",19,8,42.1
"1715",2022,"UT Rio Grande Valley",19,8,42.1
"1716",2023,"Illinois State",19,8,42.1
"1717",2023,"Merrimack",19,8,42.1
"1718",2023,"Quinnipiac",19,8,42.1
"1719",2023,"UAB",19,8,42.1
"1720",2024,"Lafayette",19,8,42.1
"1721",2024,"Oakland",19,8,42.1
"1722",2024,"Omaha",19,8,42.1
"1723",2023,"Tennessee State",31,13,41.9
"1724",2021,"East Carolina",12,5,41.7
"1725",2021,"Longwood",12,5,41.7
"1726",2021,"NC State",12,5,41.7
"1727",2021,"North Dakota State",12,5,41.7
"1728",2021,"Oklahoma State",12,5,41.7
"1729",2022,"Cal Poly",12,5,41.7
"1730",2022,"Furman",12,5,41.7
"1731",2022,"North Carolina",12,5,41.7
"1732",2022,"Ohio",12,5,41.7
"1733",2022,"Radford",12,5,41.7
"1734",2022,"Saint Peter's",12,5,41.7
"1735",2023,"Appalachian State",24,10,41.7
"1736",2023,"Bryant",12,5,41.7
"1737",2023,"Butler",12,5,41.7
"1738",2023,"George Washington",12,5,41.7
"1739",2023,"Michigan",12,5,41.7
"1740",2023,"Northwestern State",12,5,41.7
"1741",2023,"SIU Edwardsville",12,5,41.7
"1742",2023,"Samford",24,10,41.7
"1743",2023,"Southeast Missouri State",12,5,41.7
"1744",2023,"Wagner",12,5,41.7
"1745",2024,"Army",12,5,41.7
"1746",2024,"Central Connecticut",24,10,41.7
"1747",2024,"James Madison",12,5,41.7
"1748",2024,"Maryland",12,5,41.7
"1749",2024,"Mississippi State",24,10,41.7
"1750",2024,"Norfolk State",12,5,41.7
"1751",2024,"North Carolina Central",12,5,41.7
"1752",2021,"Texas Tech",17,7,41.2
"1753",2022,"Bucknell",17,7,41.2
"1754",2022,"Duke",17,7,41.2
"1755",2022,"Miami (OH)",17,7,41.2
"1756",2022,"Mississippi Valley State",17,7,41.2
"1757",2022,"North Florida",17,7,41.2
"1758",2024,"Bellarmine",17,7,41.2
"1759",2024,"Washington State",17,7,41.2
"1760",2021,"Air Force",22,9,40.9
"1761",2021,"Duquesne",22,9,40.9
"1762",2021,"Loyola Chicago",22,9,40.9
"1763",2022,"Detroit Mercy",22,9,40.9
"1764",2022,"Oklahoma",22,9,40.9
"1765",2023,"Ball State",22,9,40.9
"1766",2023,"Southern Miss",22,9,40.9
"1767",2024,"Southern Utah",22,9,40.9
"1768",2024,"Texas State",22,9,40.9
"1769",2024,"Youngstown State",22,9,40.9
"1770",2024,"Monmouth",27,11,40.7
"1771",2024,"Nevada",32,13,40.6
"1772",2021,"Akron",5,2,40
"1773",2021,"Auburn",10,4,40
"1774",2021,"Boston College",10,4,40
"1775",2021,"Charlotte",30,12,40
"1776",2021,"Chattanooga",5,2,40
"1777",2021,"Lipscomb",5,2,40
"1778",2021,"Michigan",10,4,40
"1779",2021,"Omaha",10,4,40
"1780",2021,"SIU Edwardsville",5,2,40
"1781",2021,"San Diego",10,4,40
"1782",2021,"Tennessee Tech",10,4,40
"1783",2021,"Texas State",15,6,40
"1784",2021,"Troy",5,2,40
"1785",2021,"USC",10,4,40
"1786",2021,"Western Carolina",5,2,40
"1787",2022,"BYU",5,2,40
"1788",2022,"Louisiana Tech",25,10,40
"1789",2022,"Montana State",25,10,40
"1790",2022,"Penn State",10,4,40
"1791",2022,"Utah Tech",15,6,40
"1792",2022,"Vermont",20,8,40
"1793",2022,"Xavier",20,8,40
"1794",2023,"Binghamton",35,14,40
"1795",2023,"Denver",5,2,40
"1796",2023,"Fordham",45,18,40
"1797",2023,"Houston Christian",10,4,40
"1798",2023,"Kentucky",20,8,40
"1799",2023,"Lindenwood",10,4,40
"1800",2023,"Loyola Marymount",10,4,40
"1801",2023,"Ole Miss",20,8,40
"1802",2023,"Pepperdine",15,6,40
"1803",2023,"Richmond",15,6,40
"1804",2023,"Syracuse",5,2,40
"1805",2023,"Texas Tech",15,6,40
"1806",2023,"Troy",35,14,40
"1807",2024,"Alcorn State",15,6,40
"1808",2024,"Georgia Tech",25,10,40
"1809",2024,"Kansas State",25,10,40
"1810",2024,"Louisville",15,6,40
"1811",2024,"Missouri",15,6,40
"1812",2024,"Murray State",15,6,40
"1813",2024,"Ohio State",5,2,40
"1814",2024,"Rutgers",10,4,40
"1815",2024,"Saint Louis",20,8,40
"1816",2024,"Samford",10,4,40
"1817",2024,"Southern Illinois",30,12,40
"1818",2024,"Southern Miss",15,6,40
"1819",2024,"St. Thomas-Minnesota",15,6,40
"1820",2024,"TCU",10,4,40
"1821",2024,"UTEP",15,6,40
"1822",2024,"VCU",5,2,40
"1823",2021,"Washington State",33,13,39.4
"1824",2022,"Navy",33,13,39.4
"1825",2023,"Northern Illinois",28,11,39.3
"1826",2021,"Kansas",23,9,39.1
"1827",2022,"Loyola Marymount",23,9,39.1
"1828",2022,"Niagara",23,9,39.1
"1829",2022,"UC San Diego",23,9,39.1
"1830",2023,"Coppin State",23,9,39.1
"1831",2021,"Gardner-Webb",18,7,38.9
"1832",2021,"North Carolina",18,7,38.9
"1833",2021,"TCU",18,7,38.9
"1834",2021,"Texas A&M",18,7,38.9
"1835",2021,"Tulane",18,7,38.9
"1836",2021,"Wofford",18,7,38.9
"1837",2022,"Kent State",18,7,38.9
"1838",2023,"Detroit Mercy",18,7,38.9
"1839",2023,"Maryland",18,7,38.9
"1840",2023,"Middle Tennessee",18,7,38.9
"1841",2023,"Oral Roberts",18,7,38.9
"1842",2023,"UMBC",18,7,38.9
"1843",2023,"UT Martin",18,7,38.9
"1844",2024,"Florida State",18,7,38.9
"1845",2024,"Presbyterian",18,7,38.9
"1846",2024,"Virginia",18,7,38.9
"1847",2023,"Oklahoma State",31,12,38.7
"1848",2021,"Drake",13,5,38.5
"1849",2021,"Hampton",13,5,38.5
"1850",2021,"High Point",13,5,38.5
"1851",2021,"Nevada",13,5,38.5
"1852",2021,"Portland",13,5,38.5
"1853",2021,"Stony Brook",13,5,38.5
"1854",2022,"Boise State",26,10,38.5
"1855",2022,"Drake",13,5,38.5
"1856",2022,"Gardner-Webb",13,5,38.5
"1857",2022,"Maryland-Eastern Shore",13,5,38.5
"1858",2022,"Mississippi State",13,5,38.5
"1859",2022,"Portland",13,5,38.5
"1860",2022,"Portland State",13,5,38.5
"1861",2022,"South Florida",13,5,38.5
"1862",2022,"Southern",13,5,38.5
"1863",2023,"Florida",13,5,38.5
"1864",2023,"North Carolina A&T",13,5,38.5
"1865",2023,"UT Arlington",13,5,38.5
"1866",2024,"Bowling Green",13,5,38.5
"1867",2024,"East Carolina",13,5,38.5
"1868",2024,"Lipscomb",13,5,38.5
"1869",2024,"Massachusetts",13,5,38.5
"1870",2022,"Northern Colorado",34,13,38.2
"1871",2021,"San Diego State",21,8,38.1
"1872",2022,"Austin Peay",21,8,38.1
"1873",2022,"Providence",21,8,38.1
"1874",2023,"Grambling",21,8,38.1
"1875",2023,"Western Kentucky",21,8,38.1
"1876",2024,"Marist",42,16,38.1
"1877",2024,"New Mexico",21,8,38.1
"1878",2024,"UMBC",21,8,38.1
"1879",2024,"Boston University",29,11,37.9
"1880",2024,"Long Island University",29,11,37.9
"1881",2022,"Middle Tennessee",37,14,37.8
"1882",2021,"Gonzaga",16,6,37.5
"1883",2021,"Oregon State",8,3,37.5
"1884",2021,"Tarleton",8,3,37.5
"1885",2022,"Canisius",24,9,37.5
"1886",2022,"Hofstra",16,6,37.5
"1887",2022,"Holy Cross",16,6,37.5
"1888",2022,"Iowa State",8,3,37.5
"1889",2022,"Kansas",8,3,37.5
"1890",2022,"UCF",8,3,37.5
"1891",2023,"Alcorn State",8,3,37.5
"1892",2023,"Austin Peay",16,6,37.5
"1893",2023,"Cal Poly",16,6,37.5
"1894",2023,"Cleveland State",8,3,37.5
"1895",2023,"Colorado State",24,9,37.5
"1896",2023,"Illinois",16,6,37.5
"1897",2023,"New Orleans",32,12,37.5
"1898",2023,"Saint Louis",32,12,37.5
"1899",2023,"San Diego",24,9,37.5
"1900",2023,"St. Bonaventure",8,3,37.5
"1901",2023,"St. Francis (PA)",8,3,37.5
"1902",2023,"Utah",8,3,37.5
"1903",2024,"California",16,6,37.5
"1904",2024,"High Point",8,3,37.5
"1905",2023,"Elon",35,13,37.1
"1906",2022,"VCU",27,10,37
"1907",2023,"Southern Utah",27,10,37
"1908",2024,"Bryant",27,10,37
"1909",2024,"Florida A&M",27,10,37
"1910",2021,"Eastern Illinois",19,7,36.8
"1911",2021,"Nebraska",19,7,36.8
"1912",2022,"Cal State Northridge",19,7,36.8
"1913",2023,"Iowa State",19,7,36.8
"1914",2023,"UMass",19,7,36.8
"1915",2023,"Vermont",19,7,36.8
"1916",2024,"UCLA",19,7,36.8
"1917",2024,"Western Michigan",19,7,36.8
"1918",2021,"Fresno State",30,11,36.7
"1919",2024,"USC",30,11,36.7
"1920",2021,"Kennesaw State",11,4,36.4
"1921",2021,"Merrimack",11,4,36.4
"1922",2021,"Murray State",22,8,36.4
"1923",2021,"NJIT",11,4,36.4
"1924",2021,"Northeastern",11,4,36.4
"1925",2021,"Quinnipiac",22,8,36.4
"1926",2021,"St. Bonaventure",11,4,36.4
"1927",2021,"Xavier",11,4,36.4
"1928",2022,"Charlotte",22,8,36.4
"1929",2022,"DePaul",22,8,36.4
"1930",2022,"Jacksonville",11,4,36.4
"1931",2022,"LSU",22,8,36.4
"1932",2022,"Stetson",11,4,36.4
"1933",2022,"Temple",22,8,36.4
"1934",2022,"Texas",22,8,36.4
"1935",2022,"Wagner",11,4,36.4
"1936",2023,"Mississippi State",11,4,36.4
"1937",2023,"Mount St. Mary's",22,8,36.4
"1938",2023,"SE Louisiana",11,4,36.4
"1939",2024,"Delaware State",11,4,36.4
"1940",2024,"Gonzaga",11,4,36.4
"1941",2024,"IUPUI",22,8,36.4
"1942",2022,"Ball State",36,13,36.1
"1943",2022,"Long Beach State",25,9,36
"1944",2023,"Buffalo",25,9,36
"1945",2023,"Sam Houston",25,9,36
"1946",2024,"Idaho",25,9,36
"1947",2024,"Oregon State",25,9,36
"1948",2021,"Grambling",14,5,35.7
"1949",2021,"Marshall",14,5,35.7
"1950",2021,"Rutgers",14,5,35.7
"1951",2022,"Auburn",14,5,35.7
"1952",2022,"Michigan State",28,10,35.7
"1953",2022,"Omaha",14,5,35.7
"1954",2022,"Presbyterian",14,5,35.7
"1955",2022,"Troy",14,5,35.7
"1956",2023,"UNLV",14,5,35.7
"1957",2024,"East Tennessee State",14,5,35.7
"1958",2024,"Louisiana",28,10,35.7
"1959",2024,"Penn State",14,5,35.7
"1960",2024,"Syracuse",28,10,35.7
"1961",2024,"Texas Southern",14,5,35.7
"1962",2024,"Tulsa",14,5,35.7
"1963",2021,"Denver",17,6,35.3
"1964",2021,"Prairie View A&M",17,6,35.3
"1965",2021,"Tennessee",17,6,35.3
"1966",2022,"Fairleigh Dickinson",17,6,35.3
"1967",2022,"UC Riverside",17,6,35.3
"1968",2022,"Washington",17,6,35.3
"1969",2023,"Central Arkansas",17,6,35.3
"1970",2023,"Nebraska",17,6,35.3
"1971",2023,"Nevada",17,6,35.3
"1972",2023,"Tennessee",17,6,35.3
"1973",2023,"UC Irvine",34,12,35.3
"1974",2023,"UTSA",34,12,35.3
"1975",2023,"VCU",34,12,35.3
"1976",2023,"Yale",17,6,35.3
"1977",2024,"Hofstra",17,6,35.3
"1978",2024,"Longwood",17,6,35.3
"1979",2024,"UT Rio Grande Valley",17,6,35.3
"1980",2023,"Arizona State",20,7,35
"1981",2024,"Charleston",20,7,35
"1982",2024,"SMU",20,7,35
"1983",2024,"UC Riverside",20,7,35
"1984",2024,"Wake Forest",20,7,35
"1985",2022,"Alabama",23,8,34.8
"1986",2022,"Army",23,8,34.8
"1987",2022,"California",23,8,34.8
"1988",2022,"Oregon State",23,8,34.8
"1989",2022,"SE Louisiana",23,8,34.8
"1990",2022,"Wichita State",23,8,34.8
"1991",2023,"Princeton",23,8,34.8
"1992",2024,"Austin Peay",23,8,34.8
"1993",2024,"Central Arkansas",23,8,34.8
"1994",2024,"Illinois",23,8,34.8
"1995",2024,"SIU Edwardsville",23,8,34.8
"1996",2023,"UT Rio Grande Valley",26,9,34.6
"1997",2024,"Duquesne",26,9,34.6
"1998",2023,"UC Riverside",29,10,34.5
"1999",2023,"Fresno State",35,12,34.3
"2000",2021,"Arkansas",18,6,33.3
"2001",2021,"Ball State",15,5,33.3
"2002",2021,"Central Michigan",30,10,33.3
"2003",2021,"Coastal Carolina",9,3,33.3
"2004",2021,"Colorado State",12,4,33.3
"2005",2021,"Evansville",3,1,33.3
"2006",2021,"Georgia",21,7,33.3
"2007",2021,"Hartford",6,2,33.3
"2008",2021,"LSU",18,6,33.3
"2009",2021,"Marist",9,3,33.3
"2010",2021,"McNeese",6,2,33.3
"2011",2021,"Miami",9,3,33.3
"2012",2021,"Mount St. Mary's",15,5,33.3
"2013",2021,"Portland State",18,6,33.3
"2014",2021,"Radford",18,6,33.3
"2015",2021,"Richmond",21,7,33.3
"2016",2021,"Rider",15,5,33.3
"2017",2021,"Saint Mary's",9,3,33.3
"2018",2021,"Saint Peter's",24,8,33.3
"2019",2021,"Stetson",21,7,33.3
"2020",2021,"Texas",15,5,33.3
"2021",2021,"UAB",15,5,33.3
"2022",2021,"UC Irvine",12,4,33.3
"2023",2021,"UCLA",15,5,33.3
"2024",2021,"UNC Asheville",15,5,33.3
"2025",2021,"UNC Greensboro",15,5,33.3
"2026",2021,"UTEP",24,8,33.3
"2027",2021,"Utah Valley",15,5,33.3
"2028",2021,"West Virginia",15,5,33.3
"2029",2021,"William & Mary",6,2,33.3
"2030",2022,"Belmont",18,6,33.3
"2031",2022,"Claflin",3,1,33.3
"2032",2022,"Coastal Carolina",12,4,33.3
"2033",2022,"Colorado State",15,5,33.3
"2034",2022,"Dartmouth",6,2,33.3
"2035",2022,"Delaware State",3,1,33.3
"2036",2022,"Duquesne",21,7,33.3
"2037",2022,"Fresno State",33,11,33.3
"2038",2022,"Georgia State",21,7,33.3
"2039",2022,"Hampton",9,3,33.3
"2040",2022,"Harvard",30,10,33.3
"2041",2022,"High Point",6,2,33.3
"2042",2022,"Illinois State",18,6,33.3
"2043",2022,"Louisville",12,4,33.3
"2044",2022,"McNeese",6,2,33.3
"2045",2022,"Missouri State",15,5,33.3
"2046",2022,"Morgan State",12,4,33.3
"2047",2022,"Ohio State",12,4,33.3
"2048",2022,"Purdue",18,6,33.3
"2049",2022,"Rutgers",24,8,33.3
"2050",2022,"Santa Clara",39,13,33.3
"2051",2022,"Southeast Missouri State",6,2,33.3
"2052",2022,"Stephen F. Austin",6,2,33.3
"2053",2022,"TCU",12,4,33.3
"2054",2022,"UC Santa Barbara",15,5,33.3
"2055",2022,"UT Martin",15,5,33.3
"2056",2022,"Vanderbilt",18,6,33.3
"2057",2022,"Virginia",3,1,33.3
"2058",2022,"Wofford",6,2,33.3
"2059",2023,"BYU",18,6,33.3
"2060",2023,"Boston University",12,4,33.3
"2061",2023,"Canisius",30,10,33.3
"2062",2023,"Charleston Southern",21,7,33.3
"2063",2023,"Dayton",27,9,33.3
"2064",2023,"Florida Atlantic",9,3,33.3
"2065",2023,"Indiana",15,5,33.3
"2066",2023,"James Madison",15,5,33.3
"2067",2023,"Minnesota",33,11,33.3
"2068",2023,"Niagara",27,9,33.3
"2069",2023,"North Texas",24,8,33.3
"2070",2023,"Notre Dame",12,4,33.3
"2071",2023,"Saint Peter's",21,7,33.3
"2072",2023,"Towson",9,3,33.3
"2073",2023,"Utah State",3,1,33.3
"2074",2024,"Alabama State",9,3,33.3
"2075",2024,"Bucknell",18,6,33.3
"2076",2024,"Canisius",12,4,33.3
"2077",2024,"Coastal Carolina",12,4,33.3
"2078",2024,"Columbia",9,3,33.3
"2079",2024,"Eastern Kentucky",15,5,33.3
"2080",2024,"George Washington",18,6,33.3
"2081",2024,"Green Bay",9,3,33.3
"2082",2024,"Illinois-Springfield",3,1,33.3
"2083",2024,"Long Beach State",24,8,33.3
"2084",2024,"Miami",18,6,33.3
"2085",2024,"Mississippi Valley State",6,2,33.3
"2086",2024,"Navy",21,7,33.3
"2087",2024,"New Orleans",33,11,33.3
"2088",2024,"Nicholls",30,10,33.3
"2089",2024,"Northeastern",9,3,33.3
"2090",2024,"Northern Arizona",9,3,33.3
"2091",2024,"Ohio",9,3,33.3
"2092",2024,"Portland",18,6,33.3
"2093",2024,"South Carolina State",6,2,33.3
"2094",2024,"South Carolina Upstate",27,9,33.3
"2095",2024,"St. Bonaventure",6,2,33.3
"2096",2024,"Texas",12,4,33.3
"2097",2024,"UConn",6,2,33.3
"2098",2024,"UNLV",12,4,33.3
"2099",2024,"Valparaiso",12,4,33.3
"2100",2024,"West Virginia",18,6,33.3
"2101",2024,"Wyoming",27,9,33.3
"2102",2023,"Fairfield",40,13,32.5
"2103",2023,"Wisconsin",31,10,32.3
"2104",2022,"Tennessee State",28,9,32.1
"2105",2024,"Montana State",28,9,32.1
"2106",2024,"Virginia Tech",28,9,32.1
"2107",2022,"Eastern Illinois",25,8,32
"2108",2022,"Georgia",25,8,32
"2109",2022,"Rider",25,8,32
"2110",2023,"North Alabama",25,8,32
"2111",2024,"American University",25,8,32
"2112",2024,"North Florida",25,8,32
"2113",2021,"Ohio",22,7,31.8
"2114",2022,"Northern Iowa",22,7,31.8
"2115",2022,"SIU Edwardsville",22,7,31.8
"2116",2022,"Samford",22,7,31.8
"2117",2022,"UTEP",22,7,31.8
"2118",2023,"Drexel",22,7,31.8
"2119",2023,"Louisville",22,7,31.8
"2120",2024,"Eastern Michigan",22,7,31.8
"2121",2021,"Georgia State",19,6,31.6
"2122",2021,"Western Kentucky",19,6,31.6
"2123",2022,"Clemson",19,6,31.6
"2124",2022,"George Washington",19,6,31.6
"2125",2022,"Indiana State",19,6,31.6
"2126",2022,"Pepperdine",19,6,31.6
"2127",2022,"UNLV",19,6,31.6
"2128",2023,"Iowa",19,6,31.6
"2129",2023,"Morgan State",19,6,31.6
"2130",2023,"Radford",19,6,31.6
"2131",2023,"Santa Clara",19,6,31.6
"2132",2023,"Seattle U",19,6,31.6
"2133",2023,"Utah Valley",19,6,31.6
"2134",2024,"Abilene Christian",19,6,31.6
"2135",2024,"Idaho State",19,6,31.6
"2136",2024,"Lindenwood",19,6,31.6
"2137",2022,"Drexel",35,11,31.4
"2138",2021,"Eastern Michigan",16,5,31.2
"2139",2021,"Jacksonville State",16,5,31.2
"2140",2021,"Lamar",16,5,31.2
"2141",2021,"Manhattan",16,5,31.2
"2142",2022,"Arkansas",16,5,31.2
"2143",2022,"Bradley",16,5,31.2
"2144",2022,"Norfolk State",16,5,31.2
"2145",2022,"Southern Utah",16,5,31.2
"2146",2023,"Alabama",16,5,31.2
"2147",2023,"Florida A&M",32,10,31.2
"2148",2023,"Florida State",16,5,31.2
"2149",2023,"Howard",16,5,31.2
"2150",2023,"McNeese",16,5,31.2
"2151",2023,"North Carolina Central",16,5,31.2
"2152",2023,"Temple",16,5,31.2
"2153",2023,"Wyoming",16,5,31.2
"2154",2024,"Arizona",32,10,31.2
"2155",2024,"Ball State",16,5,31.2
"2156",2024,"Georgetown",16,5,31.2
"2157",2024,"Morgan State",16,5,31.2
"2158",2024,"Providence",16,5,31.2
"2159",2024,"Vanderbilt",16,5,31.2
"2160",2022,"Incarnate Word",58,18,31
"2161",2024,"Western Kentucky",29,9,31
"2162",2021,"Davidson",13,4,30.8
"2163",2021,"Indiana State",13,4,30.8
"2164",2021,"Navy",13,4,30.8
"2165",2021,"Norfolk State",13,4,30.8
"2166",2021,"Oregon",13,4,30.8
"2167",2021,"Southern Utah",13,4,30.8
"2168",2022,"Boston University",13,4,30.8
"2169",2022,"Charleston Southern",13,4,30.8
"2170",2022,"Howard",13,4,30.8
"2171",2022,"Pacific",26,8,30.8
"2172",2022,"Towson",13,4,30.8
"2173",2022,"UCLA",13,4,30.8
"2174",2023,"Lamar",26,8,30.8
"2175",2023,"Liberty",13,4,30.8
"2176",2024,"Charlotte",26,8,30.8
"2177",2024,"Jacksonville State",13,4,30.8
"2178",2024,"Kentucky",13,4,30.8
"2179",2024,"Michigan",13,4,30.8
"2180",2021,"Northern Colorado",36,11,30.6
"2181",2022,"Idaho State",23,7,30.4
"2182",2022,"Indiana",23,7,30.4
"2183",2023,"Cal State Fullerton",23,7,30.4
"2184",2023,"Delaware",23,7,30.4
"2185",2023,"Lipscomb",23,7,30.4
"2186",2023,"Rice",23,7,30.4
"2187",2024,"Charleston Southern",23,7,30.4
"2188",2024,"Georgia Southern",23,7,30.4
"2189",2024,"Lehigh",23,7,30.4
"2190",2024,"Howard",33,10,30.3
"2191",2024,"SE Louisiana",33,10,30.3
"2192",2021,"George Mason",10,3,30
"2193",2021,"James Madison",10,3,30
"2194",2021,"Kentucky",20,6,30
"2195",2021,"Marquette",10,3,30
"2196",2021,"Southern Illinois",10,3,30
"2197",2021,"Southern Miss",10,3,30
"2198",2021,"Syracuse",10,3,30
"2199",2021,"UNLV",10,3,30
"2200",2022,"Arkansas State",10,3,30
"2201",2022,"Davidson",30,9,30
"2202",2022,"Denver",10,3,30
"2203",2022,"Jackson State",10,3,30
"2204",2022,"Rice",20,6,30
"2205",2022,"Western Illinois",20,6,30
"2206",2023,"Air Force",30,9,30
"2207",2023,"Auburn",10,3,30
"2208",2023,"Gonzaga",20,6,30
"2209",2023,"Iona",20,6,30
"2210",2023,"Louisiana",20,6,30
"2211",2023,"Missouri",10,3,30
"2212",2023,"Siena",20,6,30
"2213",2024,"Cal Poly",20,6,30
"2214",2024,"Florida Atlantic",20,6,30
"2215",2024,"Northern Colorado",20,6,30
"2216",2024,"Stony Brook",10,3,30
"2217",2024,"Tennessee",10,3,30
"2218",2024,"UMass Lowell",20,6,30
"2219",2021,"Mercer",27,8,29.6
"2220",2023,"Mercer",27,8,29.6
"2221",2021,"Campbell",17,5,29.4
"2222",2022,"Cal State Fullerton",17,5,29.4
"2223",2022,"UIC",17,5,29.4
"2224",2023,"Alabama State",17,5,29.4
"2225",2023,"Charlotte",17,5,29.4
"2226",2023,"Marist",17,5,29.4
"2227",2023,"Marquette",17,5,29.4
"2228",2023,"Murray State",17,5,29.4
"2229",2023,"Purdue",17,5,29.4
"2230",2024,"NJIT",17,5,29.4
"2231",2024,"Pittsburgh",17,5,29.4
"2232",2024,"Quinnipiac",34,10,29.4
"2233",2024,"Seton Hall",17,5,29.4
"2234",2022,"Charleston",24,7,29.2
"2235",2022,"Chattanooga",24,7,29.2
"2236",2022,"New Hampshire",24,7,29.2
"2237",2023,"Alabama A&M",24,7,29.2
"2238",2023,"Omaha",24,7,29.2
"2239",2021,"Wake Forest",31,9,29
"2240",2022,"Florida Atlantic",31,9,29
"2241",2024,"Memphis",31,9,29
"2242",2024,"William & Mary",31,9,29
"2243",2024,"UNC Asheville",45,13,28.9
"2244",2021,"Arkansas State",7,2,28.6
"2245",2021,"Bryant",14,4,28.6
"2246",2021,"DePaul",14,4,28.6
"2247",2021,"Jackson State",7,2,28.6
"2248",2021,"Liberty",14,4,28.6
"2249",2021,"Minnesota",7,2,28.6
"2250",2021,"New Hampshire",14,4,28.6
"2251",2021,"North Dakota",14,4,28.6
"2252",2021,"Northern Arizona",14,4,28.6
"2253",2021,"Seattle U",7,2,28.6
"2254",2021,"St. Francis (PA)",7,2,28.6
"2255",2022,"Butler",7,2,28.6
"2256",2022,"Colorado",21,6,28.6
"2257",2022,"NC State",14,4,28.6
"2258",2022,"Northwestern",14,4,28.6
"2259",2022,"Stanford",21,6,28.6
"2260",2022,"UConn",7,2,28.6
"2261",2023,"Albany",14,4,28.6
"2262",2023,"Bucknell",14,4,28.6
"2263",2023,"Cal State-Los Angeles",7,2,28.6
"2264",2023,"Gardner-Webb",7,2,28.6
"2265",2023,"High Point",7,2,28.6
"2266",2023,"Kansas City",14,4,28.6
"2267",2023,"Little Rock",14,4,28.6
"2268",2023,"Louisiana Tech",21,6,28.6
"2269",2023,"Loyola Maryland",21,6,28.6
"2270",2023,"Maryland-Eastern Shore",14,4,28.6
"2271",2023,"Milwaukee",21,6,28.6
"2272",2023,"Presbyterian",28,8,28.6
"2273",2023,"Stephen F. Austin",7,2,28.6
"2274",2023,"UNC Wilmington",14,4,28.6
"2275",2023,"Weber State",14,4,28.6
"2276",2024,"Appalachian State",14,4,28.6
"2277",2024,"Belmont",14,4,28.6
"2278",2024,"Clemson",14,4,28.6
"2279",2024,"Georgia",7,2,28.6
"2280",2024,"Indiana State",21,6,28.6
"2281",2024,"Montana",14,4,28.6
"2282",2024,"North Dakota",14,4,28.6
"2283",2024,"St. John's",21,6,28.6
"2284",2024,"UAB",14,4,28.6
"2285",2023,"Northern Kentucky",32,9,28.1
"2286",2022,"James Madison",25,7,28
"2287",2022,"Western Carolina",25,7,28
"2288",2024,"California Baptist",25,7,28
"2289",2024,"Northern Iowa",25,7,28
"2290",2021,"Purdue",18,5,27.8
"2291",2021,"Saint Joseph's",18,5,27.8
"2292",2021,"Wyoming",18,5,27.8
"2293",2022,"Central Connecticut",18,5,27.8
"2294",2022,"North Dakota",18,5,27.8
"2295",2022,"Northwestern State",18,5,27.8
"2296",2022,"San Diego State",18,5,27.8
"2297",2022,"Stony Brook",18,5,27.8
"2298",2022,"Tulsa",18,5,27.8
"2299",2023,"Abilene Christian",18,5,27.8
"2300",2023,"Arkansas State",18,5,27.8
"2301",2023,"Central Michigan",18,5,27.8
"2302",2023,"Charleston",18,5,27.8
"2303",2023,"Long Beach State",18,5,27.8
"2304",2023,"Oakland",18,5,27.8
"2305",2024,"Hawai'i",18,5,27.8
"2306",2024,"Pennsylvania",18,5,27.8
"2307",2024,"Southern",18,5,27.8
"2308",2023,"Michigan State",29,8,27.6
"2309",2024,"UC Irvine",29,8,27.6
"2310",2021,"Sacred Heart",11,3,27.3
"2311",2021,"Texas A&M-Corpus Christi",11,3,27.3
"2312",2022,"Eastern Kentucky",22,6,27.3
"2313",2022,"Eastern Michigan",11,3,27.3
"2314",2022,"Long Island University",22,6,27.3
"2315",2022,"San José State",11,3,27.3
"2316",2022,"Yale",22,6,27.3
"2317",2023,"Davidson",22,6,27.3
"2318",2023,"Duquesne",22,6,27.3
"2319",2023,"Hofstra",22,6,27.3
"2320",2023,"Pennsylvania",11,3,27.3
"2321",2024,"Arkansas-Pine Bluff",11,3,27.3
"2322",2024,"Drake",11,3,27.3
"2323",2024,"Holy Cross",22,6,27.3
"2324",2024,"LSU",11,3,27.3
"2325",2024,"Northern Illinois",11,3,27.3
"2326",2024,"Old Dominion",11,3,27.3
"2327",2024,"UTSA",33,9,27.3
"2328",2024,"Utah",11,3,27.3
"2329",2021,"La Salle",26,7,26.9
"2330",2023,"Georgia Southern",26,7,26.9
"2331",2023,"Indiana State",26,7,26.9
"2332",2023,"Kennesaw State",26,7,26.9
"2333",2023,"North Carolina",26,7,26.9
"2334",2023,"Villanova",26,7,26.9
"2335",2024,"Duke",26,7,26.9
"2336",2021,"Jacksonville",15,4,26.7
"2337",2021,"Western Michigan",15,4,26.7
"2338",2021,"Wichita State",15,4,26.7
"2339",2022,"Merrimack",15,4,26.7
"2340",2022,"Mount St. Mary's",15,4,26.7
"2341",2022,"Saint Louis",15,4,26.7
"2342",2022,"South Carolina Upstate",15,4,26.7
"2343",2022,"Texas State",15,4,26.7
"2344",2022,"Virginia Tech",15,4,26.7
"2345",2022,"Youngstown State",15,4,26.7
"2346",2023,"Eastern Washington",15,4,26.7
"2347",2023,"UIC",30,8,26.7
"2348",2023,"William & Mary",15,4,26.7
"2349",2024,"Oregon",15,4,26.7
"2350",2024,"Saint Joseph's",15,4,26.7
"2351",2024,"Seattle U",15,4,26.7
"2352",2024,"Villanova",30,8,26.7
"2353",2022,"Arizona",19,5,26.3
"2354",2022,"Houston Christian",19,5,26.3
"2355",2022,"Kansas City",19,5,26.3
"2356",2022,"New Mexico",19,5,26.3
"2357",2022,"Tennessee",19,5,26.3
"2358",2023,"Rider",19,5,26.3
"2359",2023,"Washington State",19,5,26.3
"2360",2024,"Florida International",19,5,26.3
"2361",2024,"Purdue",19,5,26.3
"2362",2021,"UC San Diego",23,6,26.1
"2363",2022,"Marshall",23,6,26.1
"2364",2022,"Quinnipiac",23,6,26.1
"2365",2022,"St. Thomas - Minnesota",23,6,26.1
"2366",2023,"Eastern Illinois",23,6,26.1
"2367",2023,"Stony Brook",23,6,26.1
"2368",2023,"Tarleton",23,6,26.1
"2369",2024,"Robert Morris",23,6,26.1
"2370",2022,"Saint Mary's",27,7,25.9
"2371",2022,"Seattle U",27,7,25.9
"2372",2023,"Old Dominion",27,7,25.9
"2373",2024,"Wichita State",27,7,25.9
"2374",2022,"Georgia Southern",31,8,25.8
"2375",2023,"Marshall",31,8,25.8
"2376",2023,"UTEP",35,9,25.7
"2377",2021,"Alabama State",8,2,25
"2378",2021,"Central Arkansas",8,2,25
"2379",2021,"Delaware State",12,3,25
"2380",2021,"Iona",8,2,25
"2381",2021,"Iowa",12,3,25
"2382",2021,"Long Beach State",16,4,25
"2383",2021,"Memphis",12,3,25
"2384",2021,"Morgan State",12,3,25
"2385",2021,"New Mexico State",4,1,25
"2386",2021,"Northwestern State",4,1,25
"2387",2021,"Oklahoma",16,4,25
"2388",2021,"San Francisco",4,1,25
"2389",2021,"Stanford",8,2,25
"2390",2021,"UCF",4,1,25
"2391",2021,"UL Monroe",4,1,25
"2392",2021,"UT Martin",12,3,25
"2393",2021,"Utah State",4,1,25
"2394",2021,"Weber State",12,3,25
"2395",2022,"Arkansas-Pine Bluff",4,1,25
"2396",2022,"CSU Dominguez Hills",4,1,25
"2397",2022,"Cincinnati",16,4,25
"2398",2022,"Cumberland College",4,1,25
"2399",2022,"Florida Gulf Coast",4,1,25
"2400",2022,"Fordham",20,5,25
"2401",2022,"Iona",20,5,25
"2402",2022,"Kansas State",8,2,25
"2403",2022,"Longwood",12,3,25
"2404",2022,"Memphis",16,4,25
"2405",2022,"Mont St Billings",4,1,25
"2406",2022,"Montana",16,4,25
"2407",2022,"Pittsburgh",12,3,25
"2408",2022,"Sam Houston",12,3,25
"2409",2022,"Tarleton",12,3,25
"2410",2022,"UMass",12,3,25
"2411",2022,"West Virginia",16,4,25
"2412",2022,"Western Michigan",4,1,25
"2413",2022,"Winthrop",4,1,25
"2414",2022,"Wyoming",16,4,25
"2415",2023,"Brown",8,2,25
"2416",2023,"Central Connecticut",20,5,25
"2417",2023,"Clemson",16,4,25
"2418",2023,"Georgetown",8,2,25
"2419",2023,"Hampton",16,4,25
"2420",2023,"Miami University Hamilton",4,1,25
"2421",2023,"Morehead State",8,2,25
"2422",2023,"North Dakota State",20,5,25
"2423",2023,"North Florida",12,3,25
"2424",2023,"Pittsburgh",16,4,25
"2425",2023,"Purdue Fort Wayne",16,4,25
"2426",2023,"South Alabama",16,4,25
"2427",2023,"St. Thomas - Minnesota",20,5,25
"2428",2024,"Air Force",20,5,25
"2429",2024,"Alabama",4,1,25
"2430",2024,"Cal State LA",4,1,25
"2431",2024,"Eastern Washington",16,4,25
"2432",2024,"Furman",12,3,25
"2433",2024,"Iowa",20,5,25
"2434",2024,"Kansas",12,3,25
"2435",2024,"Kansas City",16,4,25
"2436",2024,"McNeese",4,1,25
"2437",2024,"Oklahoma State",12,3,25
"2438",2024,"San Diego",16,4,25
"2439",2024,"Stanford",20,5,25
"2440",2024,"Tarleton State",12,3,25
"2441",2024,"Temple",32,8,25
"2442",2024,"Towson",24,6,25
"2443",2024,"UIC",12,3,25
"2444",2024,"UT Martin",16,4,25
"2445",2023,"Hawai'i",33,8,24.2
"2446",2024,"Troy",29,7,24.1
"2447",2021,"Illinois",25,6,24
"2448",2022,"NJIT",25,6,24
"2449",2022,"Tulane",25,6,24
"2450",2023,"Army",25,6,24
"2451",2023,"Columbia",25,6,24
"2452",2023,"UC Santa Barbara",25,6,24
"2453",2024,"New Mexico State",25,6,24
"2454",2024,"Winthrop",25,6,24
"2455",2021,"Virginia Tech",21,5,23.8
"2456",2022,"Oregon",21,5,23.8
"2457",2023,"Chattanooga",21,5,23.8
"2458",2023,"Georgia State",21,5,23.8
"2459",2023,"Northern Iowa",21,5,23.8
"2460",2024,"Morehead State",21,5,23.8
"2461",2024,"Sacred Heart",21,5,23.8
"2462",2021,"Louisiana",17,4,23.5
"2463",2021,"North Florida",17,4,23.5
"2464",2022,"Richmond",17,4,23.5
"2465",2023,"Cincinnati",17,4,23.5
"2466",2023,"Colgate",34,8,23.5
"2467",2023,"South Carolina Upstate",17,4,23.5
"2468",2023,"USC",34,8,23.5
"2469",2024,"Arkansas State",17,4,23.5
"2470",2024,"Colorado State",17,4,23.5
"2471",2024,"Kennesaw State",17,4,23.5
"2472",2024,"Merrimack",17,4,23.5
"2473",2024,"Stetson",17,4,23.5
"2474",2023,"Montana",30,7,23.3
"2475",2021,"Arizona State",13,3,23.1
"2476",2021,"Binghamton",13,3,23.1
"2477",2021,"Bradley",26,6,23.1
"2478",2021,"Georgia Tech",26,6,23.1
"2479",2022,"Baylor",13,3,23.1
"2480",2022,"California Baptist",26,6,23.1
"2481",2022,"Campbell",13,3,23.1
"2482",2022,"Central Arkansas",13,3,23.1
"2483",2022,"Tennessee Tech",13,3,23.1
"2484",2023,"South Carolina",13,3,23.1
"2485",2023,"Texas State",26,6,23.1
"2486",2024,"Boise State",13,3,23.1
"2487",2024,"Coppin State",13,3,23.1
"2488",2024,"DePaul",13,3,23.1
"2489",2024,"Houston Christian",13,3,23.1
"2490",2024,"Iowa State",13,3,23.1
"2491",2024,"Saint Peter's",13,3,23.1
"2492",2021,"Old Dominion",44,10,22.7
"2493",2022,"Maine",22,5,22.7
"2494",2022,"Weber State",22,5,22.7
"2495",2023,"Cal State Bakersfield",22,5,22.7
"2496",2023,"Saint Joseph's",22,5,22.7
"2497",2023,"Wofford",22,5,22.7
"2498",2024,"Delaware",22,5,22.7
"2499",2021,"Appalachian State",9,2,22.2
"2500",2021,"George Washington",18,4,22.2
"2501",2021,"Michigan State",18,4,22.2
"2502",2021,"North Carolina Central",9,2,22.2
"2503",2021,"Santa Clara",18,4,22.2
"2504",2022,"Alabama State",9,2,22.2
"2505",2022,"Bethune-Cookman",9,2,22.2
"2506",2022,"East Tennessee State",9,2,22.2
"2507",2022,"Florida International",18,4,22.2
"2508",2022,"Texas A&M",9,2,22.2
"2509",2022,"Toledo",18,4,22.2
"2510",2023,"Arkansas",18,4,22.2
"2511",2023,"Baylor",27,6,22.2
"2512",2023,"Belmont",18,4,22.2
"2513",2023,"Holy Cross",18,4,22.2
"2514",2023,"Incarnate Word",18,4,22.2
"2515",2023,"Portland",9,2,22.2
"2516",2023,"Rutgers",9,2,22.2
"2517",2023,"Wake Forest",18,4,22.2
"2518",2023,"Xavier",9,2,22.2
"2519",2024,"Auburn",18,4,22.2
"2520",2024,"Loyola Marymount",9,2,22.2
"2521",2024,"North Carolina A&T",18,4,22.2
"2522",2024,"Radford",18,4,22.2
"2523",2024,"Tennessee Tech",27,6,22.2
"2524",2024,"South Florida",32,7,21.9
"2525",2022,"Delaware",23,5,21.7
"2526",2022,"Minnesota",23,5,21.7
"2527",2023,"Kansas",23,5,21.7
"2528",2023,"Northeastern",23,5,21.7
"2529",2023,"Northern Colorado",23,5,21.7
"2530",2024,"San Diego State",23,5,21.7
"2531",2021,"Austin Peay",14,3,21.4
"2532",2021,"Cincinnati",14,3,21.4
"2533",2021,"Presbyterian",14,3,21.4
"2534",2021,"UMass",14,3,21.4
"2535",2022,"Alabama A&M",14,3,21.4
"2536",2022,"Cal State Bakersfield",14,3,21.4
"2537",2022,"Florida State",14,3,21.4
"2538",2022,"San Francisco",28,6,21.4
"2539",2022,"Villanova",14,3,21.4
"2540",2023,"Bellarmine",14,3,21.4
"2541",2023,"Duke",14,3,21.4
"2542",2023,"IUPUI",14,3,21.4
"2543",2023,"Montana State",14,3,21.4
"2544",2023,"Washington",28,6,21.4
"2545",2024,"Wofford",14,3,21.4
"2546",2021,"Kent State",19,4,21.1
"2547",2022,"Murray State",19,4,21.1
"2548",2022,"New Mexico State",38,8,21.1
"2549",2023,"Florida International",19,4,21.1
"2550",2024,"Rice",19,4,21.1
"2551",2021,"Rhode Island",24,5,20.8
"2552",2022,"Notre Dame",24,5,20.8
"2553",2023,"Oregon State",29,6,20.7
"2554",2021,"Buffalo",15,3,20
"2555",2021,"Butler",5,1,20
"2556",2021,"California",5,1,20
"2557",2021,"Colgate",5,1,20
"2558",2021,"Incarnate Word",5,1,20
"2559",2021,"Louisiana Tech",20,4,20
"2560",2021,"Loyola Marymount",15,3,20
"2561",2021,"South Florida",15,3,20
"2562",2022,"Appalachian State",15,3,20
"2563",2022,"Creighton",25,5,20
"2564",2022,"Fairfield",15,3,20
"2565",2022,"Idaho",20,4,20
"2566",2022,"Lafayette",25,5,20
"2567",2022,"Lehigh",10,2,20
"2568",2022,"Loyola Maryland",30,6,20
"2569",2022,"New Orleans",5,1,20
"2570",2022,"North Dakota State",15,3,20
"2571",2022,"Northeastern",15,3,20
"2572",2022,"Northern Illinois",20,4,20
"2573",2022,"San Diego",20,4,20
"2574",2022,"UTSA",20,4,20
"2575",2023,"Boston College",5,1,20
"2576",2023,"East Tennessee State",10,2,20
"2577",2023,"Kansas State",5,1,20
"2578",2023,"Maine",20,4,20
"2579",2023,"Miami",25,5,20
"2580",2023,"New Hampshire",15,3,20
"2581",2023,"Penn State",20,4,20
"2582",2023,"Stonehill",25,5,20
"2583",2023,"UL Monroe",10,2,20
"2584",2023,"Valparaiso",15,3,20
"2585",2023,"West Virginia",10,2,20
"2586",2024,"Brown",15,3,20
"2587",2024,"Little Rock",20,4,20
"2588",2024,"Loyola Maryland",20,4,20
"2589",2024,"Purdue Fort Wayne",20,4,20
"2590",2024,"Southeast Missouri State",10,2,20
"2591",2024,"Texas A&M",10,2,20
"2592",2024,"Toledo",10,2,20
"2593",2024,"UC Davis",15,3,20
"2594",2024,"UC Santa Barbara",30,6,20
"2595",2024,"Sam Houston",31,6,19.4
"2596",2022,"Houston",26,5,19.2
"2597",2022,"Georgia Tech",21,4,19
"2598",2022,"Seton Hall",21,4,19
"2599",2023,"Boise State",21,4,19
"2600",2023,"George Mason",21,4,19
"2601",2024,"UC San Diego",21,4,19
"2602",2024,"UCF",21,4,19
"2603",2021,"Dayton",16,3,18.8
"2604",2021,"Ole Miss",16,3,18.8
"2605",2021,"Sacramento State",16,3,18.8
"2606",2022,"Bryant",16,3,18.8
"2607",2022,"Evansville",16,3,18.8
"2608",2022,"George Mason",16,3,18.8
"2609",2022,"Iowa",16,3,18.8
"2610",2022,"UC Davis",16,3,18.8
"2611",2023,"Georgia Tech",16,3,18.8
"2612",2023,"Rhode Island",16,3,18.8
"2613",2023,"Sacramento State",16,3,18.8
"2614",2023,"UNC Greensboro",16,3,18.8
"2615",2022,"Arizona State",27,5,18.5
"2616",2023,"New Mexico State",49,9,18.4
"2617",2024,"Tulane",38,7,18.4
"2618",2021,"Boise State",11,2,18.2
"2619",2021,"Charleston",11,2,18.2
"2620",2021,"East Tennessee State",11,2,18.2
"2621",2021,"Middle Tennessee",22,4,18.2
"2622",2021,"Northern Kentucky",11,2,18.2
"2623",2022,"Abilene Christian",11,2,18.2
"2624",2022,"Elon",11,2,18.2
"2625",2022,"North Alabama",11,2,18.2
"2626",2022,"Northern Kentucky",11,2,18.2
"2627",2022,"Sacred Heart",11,2,18.2
"2628",2023,"East Carolina",11,2,18.2
"2629",2023,"Eastern Michigan",11,2,18.2
"2630",2023,"Evansville",11,2,18.2
"2631",2023,"Jacksonville",11,2,18.2
"2632",2023,"Southern Indiana",22,4,18.2
"2633",2023,"Stetson",11,2,18.2
"2634",2023,"UNC Asheville",11,2,18.2
"2635",2021,"Drexel",17,3,17.6
"2636",2021,"VCU",34,6,17.6
"2637",2022,"Kennesaw State",17,3,17.6
"2638",2023,"DePaul",17,3,17.6
"2639",2023,"Houston",34,6,17.6
"2640",2023,"South Florida",17,3,17.6
"2641",2024,"Princeton",17,3,17.6
"2642",2022,"UAB",23,4,17.4
"2643",2024,"Baylor",23,4,17.4
"2644",2023,"Northern Arizona",41,7,17.1
"2645",2021,"Florida Atlantic",12,2,16.7
"2646",2021,"Grand Canyon",12,2,16.7
"2647",2021,"Indiana",12,2,16.7
"2648",2021,"Notre Dame",18,3,16.7
"2649",2021,"Stephen F. Austin",6,1,16.7
"2650",2022,"Central Michigan",18,3,16.7
"2651",2022,"East Carolina",6,1,16.7
"2652",2022,"La Salle",24,4,16.7
"2653",2022,"Lipscomb",18,3,16.7
"2654",2022,"Milwaukee",18,3,16.7
"2655",2023,"California Baptist",24,4,16.7
"2656",2023,"Campbell",12,2,16.7
"2657",2024,"Cal State Fullerton",12,2,16.7
"2658",2024,"Marquette",24,4,16.7
"2659",2024,"Wisconsin",12,2,16.7
"2660",2023,"SMU",25,4,16
"2661",2024,"North Carolina",25,4,16
"2662",2022,"Gonzaga",19,3,15.8
"2663",2022,"Akron",13,2,15.4
"2664",2022,"Chicago State",13,2,15.4
"2665",2022,"Prairie View A&M",13,2,15.4
"2666",2022,"UNC Greensboro",13,2,15.4
"2667",2022,"USC",13,2,15.4
"2668",2023,"California",13,2,15.4
"2669",2023,"Texas A&M-Corpus Christi",13,2,15.4
"2670",2022,"Texas A&M-Corpus Christi",20,3,15
"2671",2024,"Elon",20,3,15
"2672",2021,"Arizona",7,1,14.3
"2673",2021,"Houston Christian",14,2,14.3
"2674",2021,"North Texas",14,2,14.3
"2675",2021,"Sam Houston",7,1,14.3
"2676",2021,"Siena",7,1,14.3
"2677",2021,"Towson",7,1,14.3
"2678",2022,"Nebraska",7,1,14.3
"2679",2022,"Old Dominion",14,2,14.3
"2680",2022,"Purdue Fort Wayne",14,2,14.3
"2681",2022,"St. Francis Brooklyn",14,2,14.3
"2682",2022,"UL Monroe",7,1,14.3
"2683",2022,"William & Mary",14,2,14.3
"2684",2023,"Cornell",7,1,14.3
"2685",2023,"Fairleigh Dickinson",7,1,14.3
"2686",2023,"LSU",7,1,14.3
"2687",2023,"Manhattan",21,3,14.3
"2688",2023,"New Mexico",14,2,14.3
"2689",2023,"UCF",14,2,14.3
"2690",2024,"Maryland-Eastern Shore",7,1,14.3
"2691",2024,"Northwestern",7,1,14.3
"2692",2024,"South Alabama",7,1,14.3
"2693",2024,"Utah Tech",7,1,14.3
"2694",2023,"UCLA",29,4,13.8
"2695",2024,"Nebraska",22,3,13.6
"2696",2021,"Long Island University",15,2,13.3
"2697",2022,"Utah Valley",15,2,13.3
"2698",2023,"Akron",15,2,13.3
"2699",2023,"Furman",15,2,13.3
"2700",2023,"Grand Canyon",15,2,13.3
"2701",2023,"Navy",15,2,13.3
"2702",2023,"Wichita State",15,2,13.3
"2703",2024,"Campbell",15,2,13.3
"2704",2024,"NC State",15,2,13.3
"2705",2024,"Northwestern State",15,2,13.3
"2706",2023,"Missouri State",23,3,13
"2707",2023,"Saint Mary's",23,3,13
"2708",2021,"Kansas State",16,2,12.5
"2709",2021,"Missouri",8,1,12.5
"2710",2021,"Pittsburgh",16,2,12.5
"2711",2023,"UC Davis",8,1,12.5
"2712",2023,"Virginia",8,1,12.5
"2713",2024,"Florida",24,3,12.5
"2714",2024,"Prairie View A&M",8,1,12.5
"2715",2024,"Xavier",8,1,12.5
"2716",2023,"Idaho State",17,2,11.8
"2717",2023,"Texas Southern",17,2,11.8
"2718",2024,"Mount St. Mary's",17,2,11.8
"2719",2024,"UNC Greensboro",17,2,11.8
"2720",2024,"Wright State",17,2,11.8
"2721",2021,"Delaware",9,1,11.1
"2722",2021,"Furman",9,1,11.1
"2723",2021,"Georgetown",9,1,11.1
"2724",2021,"Mississippi Valley State",9,1,11.1
"2725",2021,"St. John's",9,1,11.1
"2726",2021,"Youngstown State",9,1,11.1
"2727",2022,"Liberty",9,1,11.1
"2728",2022,"Michigan",9,1,11.1
"2729",2022,"North Texas",18,2,11.1
"2730",2023,"Jacksonville State",27,3,11.1
"2731",2023,"UC San Diego",9,1,11.1
"2732",2022,"Lamar",19,2,10.5
"2733",2021,"Alabama",10,1,10
"2734",2021,"Central Connecticut",10,1,10
"2735",2021,"South Carolina Upstate",10,1,10
"2736",2022,"Loyola Chicago",10,1,10
"2737",2022,"Wake Forest",10,1,10
"2738",2023,"Youngstown State",10,1,10
"2739",2024,"Butler",10,1,10
"2740",2024,"Weber State",10,1,10
"2741",2024,"Western Carolina",10,1,10
"2742",2023,"Sacred Heart",22,2,9.1
"2743",2024,"Middle Tennessee",11,1,9.1
"2744",2021,"Pepperdine",12,1,8.3
"2745",2022,"South Carolina",12,1,8.3
"2746",2022,"Southern Illinois",12,1,8.3
"2747",2022,"UNC Wilmington",12,1,8.3
"2748",2023,"Green Bay",12,1,8.3
"2749",2023,"Seton Hall",12,1,8.3
"2750",2023,"UMass Lowell",12,1,8.3
"2751",2024,"Arkansas",12,1,8.3
"2752",2024,"Evansville",12,1,8.3
"2753",2023,"Norfolk State",14,1,7.1
"2754",2023,"Tulane",14,1,7.1
"2755",2021,"Maine",15,1,6.7
"2756",2021,"South Carolina",15,1,6.7
"2757",2023,"Pacific",15,1,6.7
"2758",2024,"Utah Valley",15,1,6.7
"2759",2022,"Texas Southern",21,1,4.8
"2760",2021,"Alcorn State",3,0,0
"2761",2021,"Army",2,0,0
"2762",2021,"Baylor",10,0,0
"2763",2021,"Belmont Abbey",1,0,0
"2764",2021,"Boston University",1,0,0
"2765",2021,"California Baptist",1,0,0
"2766",2021,"Chicago State",1,0,0
"2767",2021,"Coppin State",4,0,0
"2768",2021,"East Texas Baptist",1,0,0
"2769",2021,"Florida Gulf Coast",2,0,0
"2770",2021,"Florida State",8,0,0
"2771",2021,"Houston",6,0,0
"2772",2021,"Lafayette",4,0,0
"2773",2021,"Loyola Maryland",2,0,0
"2774",2021,"Mississippi State",12,0,0
"2775",2021,"Monmouth",2,0,0
"2776",2021,"NC Pembroke",1,0,0
"2777",2021,"New Mexico",6,0,0
"2778",2021,"Pacific",6,0,0
"2779",2021,"Purdue Fort Wayne",4,0,0
"2780",2021,"SMU",9,0,0
"2781",2021,"San José State",2,0,0
"2782",2021,"Tennessee State",4,0,0
"2783",2021,"UMBC",4,0,0
"2784",2021,"UMass Lowell",4,0,0
"2785",2021,"UNC Wilmington",6,0,0
"2786",2021,"Utah",2,0,0
"2787",2021,"Vanderbilt",1,0,0
"2788",2021,"Vermont",1,0,0
"2789",2022,"Carroll (MT)",6,0,0
"2790",2022,"Coppin State",9,0,0
"2791",2022,"Emory & Henry",3,0,0
"2792",2022,"Florida Memorial",1,0,0
"2793",2022,"Illinois",1,0,0
"2794",2022,"Ole Miss",2,0,0
"2795",2022,"Wright State",2,0,0
"2796",2023,"Champion Christian College",3,0,0
"2797",2023,"Eastern Kentucky",4,0,0
"2798",2023,"Hartford",3,0,0
"2799",2023,"Park University Gilbert",1,0,0
"2800",2023,"San José State",9,0,0
"2801",2023,"South Dakota State",5,0,0
"2802",2023,"Stanford",14,0,0
"2803",2023,"Texas A&M-Texarkana",2,0,0
"2804",2023,"Texas Lutheran",2,0,0
"2805",2023,"Trevecca Nazarene",1,0,0
"2806",2023,"Tuskegee",3,0,0
"2807",2023,"Western Michigan",4,0,0
"2808",2023,"Wright State",4,0,0
"2809",2024,"Creighton",5,0,0
"2810",2024,"Davidson",5,0,0
"2811",2024,"Fisk",1,0,0
"2812",2024,"Florida Gulf Coast",3,0,0
"2813",2024,"Jackson State",1,0,0
"2814",2024,"Mayville St",1,0,0
"2815",2024,"North Dakota State",5,0,0
"2816",2024,"Pepperdine",2,0,0
"2817",2024,"Sacramento State",9,0,0
"2818",2024,"St. Edward's",1,0,0
"2819",2024,"St. Francis (PA)",5,0,0
"2820",2024,"Stonehill",4,0,0
"2821",2024,"Tennessee Southern",1,0,0
"2822",2024,"Wheeling",1,0,0
